Name,ID_SRC,ID_hard,RA_1,DEC_1,RA_CORR,DEC_CORR,ML_FLUX,ML_FLUX_ERR,clust_ID,clus_ID_SRC,clus_RA,clust_DEC,source_id,ra_2,dec_2,separation_2,matches,GroupID,GroupSize,Separation
eFEDS J085615.8+014637,568,-99,134.0659401637776,1.7770132978767106,134.06592095439217,1.7769519858923724,1.3283442E-13,1.1208479E-14,eFEDS J085620.7+014649,569,134.08645629882812,1.7804590463638306,577631903987074048,134.1126708984375,1.7099343538284302,270.8387451171875,4,4,5,74.96247440183798
eFEDS J085620.7+014649,569,-99,134.08647772448563,1.780520420834052,134.08645872539776,1.7804590250684431,2.046844E-13,1.6047725E-14,eFEDS J085620.7+014649,569,134.08645629882812,1.7804590463638306,577631903987074048,134.1126708984375,1.7099343538284302,270.8387451171875,4,4,5,0.008731769725812768
eFEDS J085626.5+014718,3125,-99,134.11084256526962,1.7885125941455557,134.11082404541906,1.7884510074558067,4.4600273E-14,7.274131E-15,eFEDS J085620.7+014649,569,134.08645629882812,1.7804590463638306,577631903987074048,134.1126708984375,1.7099343538284302,270.8387451171875,4,4,5,92.28105033805947
eFEDS J085631.0+014723,3126,-99,134.12939000836965,1.7897893808966079,134.12937156507985,1.789727763705842,1.4681874E-14,4.447242E-15,eFEDS J085620.7+014649,569,134.08645629882812,1.7804590463638306,577631903987074048,134.1126708984375,1.7099343538284302,270.8387451171875,4,4,5,157.9839009685898
eFEDS J085639.0+014829,20350,-99,134.1626115299323,1.8081190837377696,134.16259418576837,1.8080570286707693,7.611855E-15,3.1621248E-15,eFEDS J085620.7+014649,569,134.08645629882812,1.7804590463638306,577631903987074048,134.1126708984375,1.7099343538284302,270.8387451171875,4,4,5,291.4209062540887
eFEDS J090931.3+034031,636,-99,137.38058595331347,3.675545630138498,137.3806807546317,3.675438964326222,1.1619866E-13,1.2070058E-14,eFEDS J090930.6+034055,638,137.3775177001953,3.6821703910827637,579053984837526016,137.3507080078125,3.6395087242126465,181.291015625,3,5,10,26.76517811556655
eFEDS J090931.0+033925,637,-99,137.37938528239138,3.657259651954743,137.3794789833912,3.6571534229741682,2.3951232E-14,5.7327575E-15,eFEDS J090930.6+034055,638,137.3775177001953,3.6821703910827637,579053984837526016,137.3507080078125,3.6395087242126465,181.291015625,3,5,10,90.33630052556214
eFEDS J090930.6+034055,638,-99,137.37742050735085,3.6822772085048263,137.37751571374073,3.682170381882623,1.2625164E-13,2.65699E-14,eFEDS J090930.6+034055,638,137.3775177001953,3.6821703910827637,579053984837526016,137.3507080078125,3.6395087242126465,181.291015625,3,5,10,0.007136550627122559
eFEDS J090933.1+033905,639,-99,137.38813837309775,3.651688665652105,137.38823173888662,3.6515825697562034,2.4848848E-14,5.5791896E-15,eFEDS J090930.6+034055,638,137.3775177001953,3.6821703910827637,579053984837526016,137.3507080078125,3.6395087242126465,181.291015625,3,5,10,116.64977229609747
eFEDS J090929.1+033705,8382,-99,137.37145617238318,3.618329088461567,137.3715475310031,3.6182237894888982,1.8076835E-14,4.7279766E-15,eFEDS J090930.6+034055,638,137.3775177001953,3.6821703910827637,579053984837526016,137.3507080078125,3.6395087242126465,181.291015625,3,5,10,231.20483405889738
eFEDS J090932.5+033755,8383,-99,137.38540774122364,3.632113988860626,137.3854999292275,3.6320083605820033,2.0807791E-14,4.7613793E-15,eFEDS J090930.6+034055,638,137.3775177001953,3.6821703910827637,579053984837526016,137.3507080078125,3.6395087242126465,181.291015625,3,5,10,182.84619552238087
eFEDS J090950.0+034029,9994,-99,137.45827530824485,3.6750832399767632,137.4583700817391,3.6749765852104748,1.6585457E-14,4.3484596E-15,eFEDS J090930.6+034055,638,137.3775177001953,3.6821703910827637,579053984837526016,137.3507080078125,3.6395087242126465,181.291015625,3,5,10,291.6210909974766
eFEDS J090923.8+033818,14086,-99,137.3491913865737,3.6386802990417486,137.3492839696577,3.6385745139012715,1.614637E-14,4.4718956E-15,eFEDS J090930.6+034055,638,137.3775177001953,3.6821703910827637,579053984837526016,137.3507080078125,3.6395087242126465,181.291015625,3,5,10,186.87069110459134
eFEDS J090923.9+034236,20577,-99,137.34984576995126,3.71033418122681,137.34994266474533,3.710226684354703,9.652806E-15,3.6068543E-15,eFEDS J090930.6+034055,638,137.3775177001953,3.6821703910827637,579053984837526016,137.3507080078125,3.6395087242126465,181.291015625,3,5,10,141.4748747041433
eFEDS J090919.4+034054,21785,-99,137.3310647146987,3.681992578726305,137.3311599039609,3.681885758903591,9.653566E-15,3.6090426E-15,eFEDS J090930.6+034055,638,137.3775177001953,3.6821703910827637,579053984837526016,137.3507080078125,3.6395087242126465,181.291015625,3,5,10,166.54673009086972
eFEDS J085635.7+014247,1384,-99,134.14896248740817,1.7131971600532867,134.1489394515409,1.7131373725655743,8.007552E-14,9.857736E-15,eFEDS J085627.2+014217,1385,134.11337280273438,1.704978346824646,577631491670214272,134.1491241455078,1.7130569219589233,131.8953094482422,3,11,3,131.31026611437207
eFEDS J085627.2+014217,1385,-99,134.11338989465023,1.7050379508646347,134.11336636956494,1.704978358291364,4.197035E-13,5.0146993E-14,eFEDS J085627.2+014217,1385,134.11337280273438,1.704978346824646,577631491670214272,134.1491241455078,1.7130569219589233,131.8953094482422,3,11,3,0.02314919360637074
eFEDS J085617.0+013801,20810,-99,134.0709574795246,1.6339285923763653,134.07092969094543,1.6338706985266587,1.0677266E-14,3.604788E-15,eFEDS J085627.2+014217,1385,134.11337280273438,1.704978346824646,577631491670214272,134.1491241455078,1.7130569219589233,131.8953094482422,3,11,3,298.0875270882303
eFEDS J092803.4+010953,1527,-99,142.0142745621242,1.164893339223275,142.01421865723205,1.1648466501046157,1.0333729E-13,1.1163195E-14,eFEDS J092803.4+010953,1527,142.01422119140625,1.164846658706665,3841007360398241536,142.01524353027344,1.165524959564209,4.413046360015869,2,12,3,0.00912119442685704
eFEDS J092809.6+011329,15317,-99,142.04042341035677,1.224899555929457,142.04037110210487,1.2248514333289544,9.117058E-15,3.44975E-15,eFEDS J092803.4+010953,1527,142.01422119140625,1.164846658706665,3841007360398241536,142.01524353027344,1.165524959564209,4.413046360015869,2,12,3,235.63075028082733
eFEDS J092808.4+011420,15318,-99,142.03519100883645,1.2390189761077557,142.03513954688606,1.238970516209993,8.9494655E-15,3.4774082E-15,eFEDS J092803.4+010953,1527,142.01422119140625,1.164846658706665,3841007360398241536,142.01524353027344,1.165524959564209,4.413046360015869,2,12,3,277.2638402907578
eFEDS J083547.4+030612,1168,-99,128.94744190227217,3.103566800063035,128.94750231023784,3.103473798189478,7.878053E-14,8.8779946E-15,eFEDS J083532.5+030911,3198,128.88583374023438,3.1533119678497314,3080000556397200128,128.9474334716797,3.102900743484497,286.29876708984375,4,10,7,285.185651499766
eFEDS J083532.5+030911,3198,-99,128.88576873604504,3.1534060534556723,128.88583213899972,3.1533118609777286,6.315509E-14,8.718167E-15,eFEDS J083532.5+030911,3198,128.88583374023438,3.1533119678497314,3080000556397200128,128.9474334716797,3.102900743484497,286.29876708984375,4,10,7,0.005768561488991732
eFEDS J083537.9+031001,10950,-99,128.90821981249204,3.1671119071515963,128.90828403913068,3.1670173872560365,1.6988428E-14,4.701238E-15,eFEDS J083532.5+030911,3198,128.88583374023438,3.1533119678497314,3080000556397200128,128.9474334716797,3.102900743484497,286.29876708984375,4,10,7,94.58637589388863
eFEDS J083536.2+030808,22425,-99,128.90081871997896,3.135693322378768,128.90088105848488,3.135599553038289,9.65044E-15,3.5596903E-15,eFEDS J083532.5+030911,3198,128.88583374023438,3.1533119678497314,3080000556397200128,128.9474334716797,3.102900743484497,286.29876708984375,4,10,7,83.61538740157589
eFEDS J083551.1+030737,25792,-99,128.9629676618515,3.1270853720592884,128.9630294830768,3.126991808353178,7.838621E-15,3.1984817E-15,eFEDS J083532.5+030911,3198,128.88583374023438,3.1533119678497314,3080000556397200128,128.9474334716797,3.102900743484497,286.29876708984375,4,10,7,293.218878210274
eFEDS J083531.9+031123,27635,-99,128.8829974066705,3.18990010816497,128.8830630028736,3.189805043884608,1.0625086E-14,3.848301E-15,eFEDS J083532.5+030911,3198,128.88583374023438,3.1533119678497314,3080000556397200128,128.9474334716797,3.102900743484497,286.29876708984375,4,10,7,131.75203671975936
eFEDS J083525.3+030437,29531,-99,128.85550349401154,3.0772953367066087,128.85556232337933,3.0772029624291206,1.0800617E-14,3.772363E-15,eFEDS J083532.5+030911,3198,128.88583374023438,3.1533119678497314,3080000556397200128,128.9474334716797,3.102900743484497,286.29876708984375,4,10,7,294.80973301498886
eFEDS J093530.1+035154,3772,-99,143.8754602769063,3.865162447735407,143.87556649128965,3.8650512521880445,4.5622763E-14,7.0765224E-15,eFEDS J093525.9+035101,3773,143.8579559326172,3.850329637527466,3850846340196281344,143.85775756835938,3.851184368133545,3.158889055252075,2,16,5,82.52201500308703
eFEDS J093525.9+035101,3773,-99,143.85784674056998,3.8504405670884965,143.8579520686215,3.8503297232305047,4.2639134E-14,8.112143E-15,eFEDS J093525.9+035101,3773,143.8579559326172,3.850329637527466,3850846340196281344,143.85775756835938,3.851184368133545,3.158889055252075,2,16,5,0.01388241577484998
eFEDS J093527.4+035503,6153,-99,143.8643646131555,3.917754780991895,143.86447399417364,3.917642329072127,3.0044597E-14,5.72705E-15,eFEDS J093525.9+035101,3773,143.8579559326172,3.850329637527466,3850846340196281344,143.85775756835938,3.851184368133545,3.158889055252075,2,16,5,243.4539395576121
eFEDS J093532.5+034729,16265,-99,143.88561781890135,3.791655961494002,143.8857196081949,3.7915465219349223,1.345607E-14,4.362152E-15,eFEDS J093525.9+035101,3773,143.8579559326172,3.850329637527466,3850846340196281344,143.85775756835938,3.851184368133545,3.158889055252075,2,16,5,233.9405456192736
eFEDS J093536.3+034647,16266,-99,143.90132683397314,3.779849573240861,143.90142791260854,3.779740415723278,8.398212E-15,3.4550927E-15,eFEDS J093525.9+035101,3773,143.8579559326172,3.850329637527466,3850846340196281344,143.85775756835938,3.851184368133545,3.158889055252075,2,16,5,298.2635267308248
eFEDS J092209.3+034628,367,-99,140.5390263269466,3.774717805912922,140.53912709669456,3.7746087709875584,8.441325E-13,4.2756075E-14,eFEDS J092220.4+034806,4014,140.58517456054688,3.8017022609710693,3845941247027895040,140.5880584716797,3.808669090270996,27.128568649291992,2,3,5,192.02451365203302
eFEDS J092220.4+034806,4014,-99,140.58507789365544,3.801811855158688,140.58518029427842,3.8017021729865927,1.377186E-13,,eFEDS J092220.4+034806,4014,140.58517456054688,3.8017022609710693,3845941247027895040,140.5880584716797,3.808669090270996,27.128568649291992,2,3,5,0.02059844750170395
eFEDS J092230.0+035019,18679,-99,140.62522313749534,3.8387221151088036,140.62532776006358,3.8386115511916095,8.746965E-15,3.1411696E-15,eFEDS J092220.4+034806,4014,140.58517456054688,3.8017022609710693,3845941247027895040,140.5880584716797,3.808669090270996,27.128568649291992,2,3,5,196.10645574584697
eFEDS J092230.2+035127,18680,-99,140.62590326233394,3.8578384082744637,140.62600903576828,3.857727387690266,1.0014199E-14,3.3028034E-15,eFEDS J092220.4+034806,4014,140.58517456054688,3.8017022609710693,3845941247027895040,140.5880584716797,3.808669090270996,27.128568649291992,2,3,5,249.3849272446024
eFEDS J092219.4+035259,26750,-99,140.58089692154138,3.883327427716672,140.58100422960067,3.883215798228121,7.957451E-15,2.8576888E-15,eFEDS J092220.4+034806,4014,140.58517456054688,3.8017022609710693,3845941247027895040,140.5880584716797,3.808669090270996,27.128568649291992,2,3,5,293.8308071553147
eFEDS J090244.9+043648,1059,-99,135.68717279892488,4.6135156337226695,135.68732412163004,4.6133865608491975,8.422461E-14,9.1848805E-15,eFEDS J090255.5+044036,4348,135.73165893554688,4.676731109619141,580151782774161536,135.66220092773438,4.662044525146484,254.79164123535156,3,8,9,278.04533561003177
eFEDS J090255.7+044346,3026,-99,135.73201832574824,4.729745083993325,135.73217666465666,4.729613234527429,4.9620803E-14,8.06749E-15,eFEDS J090255.5+044036,4348,135.73165893554688,4.676731109619141,580151782774161536,135.66220092773438,4.662044525146484,254.79164123535156,3,8,9,190.38471176884698
eFEDS J090248.5+044005,4121,-99,135.7020745737502,4.668235325135512,135.70222919924637,4.668104945069412,2.1721767E-13,3.1350427E-14,eFEDS J090255.5+044036,4348,135.73165893554688,4.676731109619141,580151782774161536,135.66220092773438,4.662044525146484,254.79164123535156,3,8,9,110.06660763382209
eFEDS J090255.5+044036,4348,-99,135.7315106522661,4.676861826088039,135.7316657985034,4.676731239944416,6.8037E-14,1.1337054E-14,eFEDS J090255.5+044036,4348,135.73165893554688,4.676731109619141,580151782774161536,135.66220092773438,4.662044525146484,254.79164123535156,3,8,9,0.024628853875397014
eFEDS J090302.8+044341,19282,-99,135.76175470697794,4.7282900376902575,135.76191295803395,4.728158222983802,1.1201056E-14,4.1901674E-15,eFEDS J090255.5+044036,4348,135.73165893554688,4.676731109619141,580151782774161536,135.66220092773438,4.662044525146484,254.79164123535156,3,8,9,214.6126083179578
eFEDS J090302.7+044056,20709,-99,135.76143393761433,4.682584268648156,135.7615894292975,4.682453545801738,1.4121627E-14,4.7147065E-15,eFEDS J090255.5+044036,4348,135.73165893554688,4.676731109619141,580151782774161536,135.66220092773438,4.662044525146484,254.79164123535156,3,8,9,109.34866948995726
eFEDS J090238.3+044306,24080,-99,135.6597257906145,4.718615567987494,135.6598834575597,4.71848398439337,9.660787E-15,3.897658E-15,eFEDS J090255.5+044036,4348,135.73165893554688,4.676731109619141,580151782774161536,135.66220092773438,4.662044525146484,254.79164123535156,3,8,9,298.18060161392674
eFEDS J090250.4+043655,28924,-99,135.7101808218561,4.615653567899136,135.71033227359126,4.615524443952792,7.85434E-15,3.257907E-15,eFEDS J090255.5+044036,4348,135.73165893554688,4.676731109619141,580151782774161536,135.66220092773438,4.662044525146484,254.79164123535156,3,8,9,233.25383657192128
eFEDS J090305.0+043852,32468,-99,135.7707939683459,4.648100687752065,135.7709473784725,4.64797078868008,7.33671E-15,3.2425812E-15,eFEDS J090255.5+044036,4348,135.73165893554688,4.676731109619141,580151782774161536,135.66220092773438,4.662044525146484,254.79164123535156,3,8,9,174.90737332798335
eFEDS J084131.5-005217,219,216,130.38173978372342,-0.8714623168283577,130.3815618015899,-0.8714603596730113,2.469646E-13,1.5770698E-14,eFEDS J084135.7-005048,4430,130.3988494873047,-0.8467797040939331,3073402146600864768,130.38204956054688,-0.8716859817504883,108.1551284790039,3,1,4,108.47485464250693
eFEDS J084126.1-005200,220,-99,130.35901509224615,-0.8668427881652696,130.3588373872771,-0.8668409413653301,1.1564743E-14,4.397312E-15,eFEDS J084135.7-005048,4430,130.3988494873047,-0.8467797040939331,3073402146600864768,130.38204956054688,-0.8716859817504883,108.1551284790039,3,1,4,161.12014587623494
eFEDS J084135.7-005048,4430,-99,130.3990242963471,-0.8467810648821357,130.39884779502881,-0.8467796973344746,6.121996E-14,9.4254565E-15,eFEDS J084135.7-005048,4430,130.3988494873047,-0.8467797040939331,3073402146600864768,130.38204956054688,-0.8716859817504883,108.1551284790039,3,1,4,0.006091576421572217
eFEDS J084126.7-004920,14798,-99,130.36144609901947,-0.8224043402590884,130.36127106019487,-0.8224035550442933,1.3864973E-14,4.2797034E-15,eFEDS J084135.7-005048,4430,130.3988494873047,-0.8467797040939331,3073402146600864768,130.38204956054688,-0.8716859817504883,108.1551284790039,3,1,4,161.23962352035053
eFEDS J091431.6+010910,4637,-99,138.63186386156121,1.1528605979295412,138.63180723546452,1.1528141962597018,5.5110552E-14,8.7675355E-15,eFEDS J091431.6+010910,4637,138.63180541992188,1.1528141498565674,3843457415899140864,138.63340759277344,1.1534518003463745,6.195739269256592,2,19,2,0.0065367654903468
eFEDS J091427.7+010730,30166,-99,138.6156535685262,1.125081600141236,138.61559527745766,1.1250358620807883,1.1141563E-14,4.007995E-15,eFEDS J091431.6+010910,4637,138.63180541992188,1.1528141498565674,3843457415899140864,138.63340759277344,1.1534518003463745,6.195739269256592,2,19,2,115.77782293290986
eFEDS J090602.1+002419,3548,-99,136.50924254707033,0.4053605378715871,136.50914112142198,0.40533199314762686,3.9994968E-14,6.319144E-15,eFEDS J090553.5+002244,5170,136.4732208251953,0.379073828458786,3843135125848716672,136.54664611816406,0.35989895462989807,273.23455810546875,3,15,5,160.17768709661712
eFEDS J090545.1+002452,3858,-99,136.43833282074291,0.4146975089034126,136.43823195469048,0.4146687411295888,3.2049213E-14,5.6045426E-15,eFEDS J090553.5+002244,5170,136.4732208251953,0.379073828458786,3843135125848716672,136.54664611816406,0.35989895462989807,273.23455810546875,3,15,5,179.68148147764126
eFEDS J090543.6+002604,3859,-99,136.43209877967763,0.43457855256832145,136.4319991051582,0.4345493098584545,2.236432E-14,4.8715097E-15,eFEDS J090553.5+002244,5170,136.4732208251953,0.379073828458786,3843135125848716672,136.54664611816406,0.35989895462989807,273.23455810546875,3,15,5,248.80853652301604
eFEDS J090553.5+002244,5170,-99,136.4733187024859,0.3791017564825797,136.47321570305326,0.3790738390517304,7.2570144E-14,1.0024948E-14,eFEDS J090553.5+002244,5170,136.4732208251953,0.379073828458786,3843135125848716672,136.54664611816406,0.35989895462989807,273.23455810546875,3,15,5,0.018439347226857344
eFEDS J090601.1+002022,12692,-99,136.50499046262013,0.3396638481636327,136.50488509950713,0.33963687286059324,1.9986049E-14,5.089158E-15,eFEDS J090553.5+002244,5170,136.4732208251953,0.379073828458786,3843135125848716672,136.54664611816406,0.35989895462989807,273.23455810546875,3,15,5,182.0710545499414
eFEDS J091115.0-015005,3302,-99,137.81301260318753,-1.8348553122652205,137.81277677066387,-1.8348303407216497,4.170968E-14,5.868396E-15,eFEDS J091108.0-015422,5376,137.7836456298828,-1.906282901763916,3841603815389005568,137.78086853027344,-1.8971433639526367,34.376991271972656,5,14,7,277.76484770329523
eFEDS J091104.4-015334,5375,-99,137.7685934114031,-1.892952795029741,137.7683540865744,-1.8929264356018596,2.18033E-14,4.571935E-15,eFEDS J091108.0-015422,5376,137.7836456298828,-1.906282901763916,3841603815389005568,137.78086853027344,-1.8971433639526367,34.376991271972656,5,14,7,73.0693187627713
eFEDS J091108.0-015422,5376,-99,137.78388275484116,-1.9063095485642778,137.78364262705549,-1.9062828700583954,3.4660683E-14,7.093781E-15,eFEDS J091108.0-015422,5376,137.7836456298828,-1.906282901763916,3841603815389005568,137.78086853027344,-1.8971433639526367,34.376991271972656,5,14,7,0.010804798618831364
eFEDS J091110.7-015129,13320,-99,137.7951704802664,-1.8582644509063886,137.79493324065015,-1.8582389201445058,1.5001641E-14,3.829376E-15,eFEDS J091108.0-015422,5376,137.7836456298828,-1.906282901763916,3841603815389005568,137.78086853027344,-1.8971433639526367,34.376991271972656,5,14,7,177.66271233225473
eFEDS J091055.7-015158,18462,-99,137.73233078425,-1.8663484207950423,137.7320930586991,-1.866322696916101,1.214252E-14,3.4754727E-15,eFEDS J091108.0-015422,5376,137.7836456298828,-1.906282901763916,3841603815389005568,137.78086853027344,-1.8971433639526367,34.376991271972656,5,14,7,234.73562334193716
eFEDS J091054.2-015505,25645,-99,137.72609753269242,-1.9182731156263773,137.72585668568118,-1.9182461513241706,8.374092E-15,3.0420212E-15,eFEDS J091108.0-015422,5376,137.7836456298828,-1.906282901763916,3841603815389005568,137.78086853027344,-1.8971433639526367,34.376991271972656,5,14,7,212.3378391638736
eFEDS J091114.0-015401,26389,-99,137.80859475907815,-1.900402514903319,137.8083549864039,-1.9003759775099074,6.8270754E-15,2.6655142E-15,eFEDS J091108.0-015422,5376,137.7836456298828,-1.906282901763916,3841603815389005568,137.78086853027344,-1.8971433639526367,34.376991271972656,5,14,7,91.41239634796938
eFEDS J084011.6+034837,5544,-99,130.04864418889696,3.810460227705539,130.0487471101187,3.8103503389334326,5.4057863E-14,9.088375E-15,eFEDS J084011.6+034837,5544,130.0487518310547,3.8103504180908203,3080151636166634752,129.98983764648438,3.758596897125244,281.9441223144531,2,20,4,0.016960195046453186
eFEDS J083959.8+034945,11023,-99,129.9994248284429,3.829362784539208,129.99952888757053,3.8292524442060216,1.7306376E-14,4.375769E-15,eFEDS J084011.6+034837,5544,130.0487518310547,3.8103504180908203,3080151636166634752,129.98983764648438,3.758596897125244,281.9441223144531,2,20,4,189.45140752507493
eFEDS J084016.7+035043,22631,-99,130.06966020653024,3.845421983079555,130.0697652324462,3.8453112591099594,1.01702314E-14,3.6217104E-15,eFEDS J084011.6+034837,5544,130.0487518310547,3.8103504180908203,3080151636166634752,129.98983764648438,3.758596897125244,281.9441223144531,2,20,4,146.7571035422736
eFEDS J084025.2+034845,22657,-99,130.10526782614332,3.812843539246394,130.1053708908335,3.8127335935396234,1.126096E-14,3.7315295E-15,eFEDS J084011.6+034837,5544,130.0487518310547,3.8103504180908203,3080151636166634752,129.98983764648438,3.758596897125244,281.9441223144531,2,20,4,203.55864608735504
eFEDS J084111.8+002812,992,-99,130.2994945794181,0.4702634202483567,130.2993970435901,0.4702333250666508,1.0841114E-13,1.0459905E-14,eFEDS J084129.0+002645,5591,130.370849609375,0.44601207971572876,3075330483836481408,130.36973571777344,0.4479449391365051,8.007408142089844,2,7,9,271.5987405968803
eFEDS J084129.0+002645,5591,-99,130.37094237182276,0.44604159898794005,130.37084338431686,0.4460120824386309,8.288504E-14,1.192956E-14,eFEDS J084129.0+002645,5591,130.370849609375,0.44601207971572876,3075330483836481408,130.36973571777344,0.4479449391365051,8.007408142089844,2,7,9,0.02240953243886808
eFEDS J084142.9+002841,8433,-99,130.42926041395776,0.4782138297281783,130.4291633546172,0.47818354462002366,7.9800404E-14,1.3306792E-14,eFEDS J084129.0+002645,5591,130.370849609375,0.44601207971572876,3075330483836481408,130.36973571777344,0.4479449391365051,8.007408142089844,2,7,9,239.75229080097932
eFEDS J084120.4+002339,15160,-99,130.3354484656275,0.39426233061324656,130.33534637482464,0.39423405101312636,1.20554625E-14,3.7801136E-15,eFEDS J084129.0+002645,5591,130.370849609375,0.44601207971572876,3075330483836481408,130.36973571777344,0.4479449391365051,8.007408142089844,2,7,9,226.00936660607908
eFEDS J084115.3+002635,17357,-99,130.31387775761777,0.4431912189639365,130.31377859928054,0.44316177050703903,9.601199E-15,4.038286E-15,eFEDS J084129.0+002645,5591,130.370849609375,0.44601207971572876,3075330483836481408,130.36973571777344,0.4479449391365051,8.007408142089844,2,7,9,205.7055356729647
eFEDS J084132.6+002856,17362,-99,130.3860495206638,0.48249529240339084,130.38595271792144,0.4824649050158501,1.2350551E-14,3.9427092E-15,eFEDS J084129.0+002645,5591,130.370849609375,0.44601207971572876,3075330483836481408,130.36973571777344,0.4479449391365051,8.007408142089844,2,7,9,142.04714011366937
eFEDS J084109.5+002638,19655,-99,130.28986014248005,0.44404094428976204,130.28976103506926,0.44401147553387066,1.041211E-14,,eFEDS J084129.0+002645,5591,130.370849609375,0.44601207971572876,3075330483836481408,130.36973571777344,0.4479449391365051,8.007408142089844,2,7,9,291.9988971287414
eFEDS J084117.5+002912,23009,-99,130.32312782982785,0.48680172476777567,130.32303128517995,0.48677123450435067,9.020072E-15,3.6601556E-15,eFEDS J084129.0+002645,5591,130.370849609375,0.44601207971572876,3075330483836481408,130.36973571777344,0.4479449391365051,8.007408142089844,2,7,9,226.19202005540893
eFEDS J084121.3+002741,26477,-99,130.3391201773766,0.46163258006754654,130.33902212428038,0.46160269106702273,8.389277E-15,3.3959594E-15,eFEDS J084129.0+002645,5591,130.370849609375,0.44601207971572876,3075330483836481408,130.36973571777344,0.4479449391365051,8.007408142089844,2,7,9,127.58393990217282
eFEDS J085246.7+052549,2303,-99,133.19465124882834,5.430521885608166,133.19485195706412,5.430373295363121,9.7479825E-14,1.3423698E-14,eFEDS J085256.8+052741,6642,133.23695373535156,5.461465358734131,582047375180293120,133.1947479248047,5.429841041564941,189.33450317382812,4,13,5,187.86724529213402
eFEDS J085249.8+052721,6272,-99,133.20735302921364,5.4562250627890005,133.20755529380497,5.4560758585236115,4.395365E-14,9.661541E-15,eFEDS J085256.8+052741,6642,133.23695373535156,5.461465358734131,582047375180293120,133.1947479248047,5.429841041564941,189.33450317382812,4,13,5,107.12609126456898
eFEDS J085256.8+052741,6642,-99,133.2367515456348,5.461614694072028,133.23695413659627,5.461465361054336,6.9220854E-14,1.443242E-14,eFEDS J085256.8+052741,6642,133.23695373535156,5.461465358734131,582047375180293120,133.1947479248047,5.429841041564941,189.33450317382812,4,13,5,0.001437947892790796
eFEDS J085310.0+052708,16389,-99,133.29176864352232,5.452427796288304,133.29197067817407,5.452278682735392,2.3509367E-14,7.551269E-15,eFEDS J085256.8+052741,6642,133.23695373535156,5.461465358734131,582047375180293120,133.1947479248047,5.429841041564941,189.33450317382812,4,13,5,199.91789120561106
eFEDS J085303.1+053150,24722,-99,133.26287495523383,5.530784374809584,133.26308173546164,5.530633389405074,1.8966902E-14,7.406755E-15,eFEDS J085256.8+052741,6642,133.23695373535156,5.461465358734131,582047375180293120,133.1947479248047,5.429841041564941,189.33450317382812,4,13,5,266.0257857887586
eFEDS J084248.1+002001,5810,-99,130.70081116545853,0.3336587497876785,130.70070544243205,0.33363191793976693,2.8862404E-14,5.7757817E-15,eFEDS J084253.7+002006,6903,130.72378540039062,0.3350352346897125,3075276435969410944,130.72021484375,0.33058983087539673,20.516206741333008,4,21,6,83.23988004904628
eFEDS J084249.6+002128,5840,-99,130.7070744386327,0.35802997263345376,130.7069701762827,0.3580025585841075,2.7420925E-14,5.5883913E-15,eFEDS J084253.7+002006,6903,130.72378540039062,0.3350352346897125,3075276435969410944,130.72021484375,0.33058983087539673,20.516206741333008,4,21,6,102.47293496775347
eFEDS J084253.7+002006,6903,-99,130.72388424849936,0.33506208580336877,130.7237786095814,0.335035220431319,4.319574E-14,8.389925E-15,eFEDS J084253.7+002006,6903,130.72378540039062,0.3350352346897125,3075276435969410944,130.72021484375,0.33058983087539673,20.516206741333008,4,21,6,0.024446549223085614
eFEDS J084240.6+001816,7055,-99,130.66950178590756,0.3046866885947658,130.6693943264402,0.3046605488572049,3.1565662E-14,6.094239E-15,eFEDS J084253.7+002006,6903,130.72378540039062,0.3350352346897125,3075276435969410944,130.72021484375,0.33058983087539673,20.516206741333008,4,21,6,224.26925763647571
eFEDS J084244.7+001617,11701,-99,130.68644164636717,0.27146732902390003,130.68633219587466,0.2714419828599289,1.7054593E-14,4.5232762E-15,eFEDS J084253.7+002006,6903,130.72378540039062,0.3350352346897125,3075276435969410944,130.72021484375,0.33058983087539673,20.516206741333008,4,21,6,265.6888967138927
eFEDS J084258.3+002454,25220,-99,130.74314963880434,0.4151472033091296,130.74304879970356,0.4151184247926061,8.9696605E-15,3.496875E-15,eFEDS J084253.7+002006,6903,130.72378540039062,0.3350352346897125,3075276435969410944,130.72021484375,0.33058983087539673,20.516206741333008,4,21,6,296.52245085639373
eFEDS J083933.8-014044,356,-99,129.89108007148496,-1.6790331023814884,129.89085360332194,-1.679011853257376,1.038079E-12,5.74211E-14,eFEDS J083930.3-014348,6979,129.8763427734375,-1.7301924228668213,3073195507133270016,129.8706512451172,-1.7296552658081055,20.572940826416016,2,2,6,191.5060784716666
eFEDS J083928.3-014022,357,-99,129.86845830460828,-1.6729520488861007,129.8682322018294,-1.6729309450315994,5.1242732E-14,9.843753E-15,eFEDS J083930.3-014348,6979,129.8763427734375,-1.7301924228668213,3073195507133270016,129.8706512451172,-1.7296552658081055,20.572940826416016,2,2,6,208.1970670511649
eFEDS J083943.6-014009,5590,-99,129.93202584043138,-1.6693165225346418,129.9317999560932,-1.6692955055288257,2.6282238E-14,5.9582076E-15,eFEDS J083930.3-014348,6979,129.8763427734375,-1.7301924228668213,3073195507133270016,129.8706512451172,-1.7296552658081055,20.572940826416016,2,2,6,296.4535511936776
eFEDS J083949.5-014435,5641,-99,129.9568098221442,-1.7431082848168795,129.95657950368596,-1.7430855050078533,2.6934043E-14,5.4675007E-15,eFEDS J083930.3-014348,6979,129.8763427734375,-1.7301924228668213,3073195507133270016,129.8706512451172,-1.7296552658081055,20.572940826416016,2,2,6,292.4266438604855
eFEDS J083930.3-014348,6979,-99,129.87657653084793,-1.730214950812034,129.8763469871974,-1.7301924790104313,5.1232303E-14,1.0886741E-14,eFEDS J083930.3-014348,6979,129.8763427734375,-1.7301924228668213,3073195507133270016,129.8706512451172,-1.7296552658081055,20.572940826416016,2,2,6,0.015163966738156311
eFEDS J083921.0-014149,12407,-99,129.83793663724637,-1.697060833998177,129.83770908584683,-1.697039154211587,1.7195578E-13,2.8490543E-14,eFEDS J083930.3-014348,6979,129.8763427734375,-1.7301924228668213,3073195507133270016,129.8706512451172,-1.7296552658081055,20.572940826416016,2,2,6,183.22430838878964
eFEDS J084142.9+040427,696,-99,130.42872065870688,4.074290603967212,130.42883946783004,4.074174412580561,1.09749734E-13,9.881819E-15,eFEDS J084201.3+040534,6988,130.50559997558594,4.092817306518555,582164949909149056,130.50732421875,4.091620922088623,7.553674221038818,3,6,5,283.6894672104337
eFEDS J084148.2+040714,1150,-99,130.45102944228128,4.120880242173081,130.45115105835458,4.12076293781174,8.781064E-14,9.058435E-15,eFEDS J084201.3+040534,6988,130.50559997558594,4.092817306518555,582164949909149056,130.50732421875,4.091620922088623,7.553674221038818,3,6,5,219.87830893369394
eFEDS J084201.3+040534,6988,-99,130.50547559987274,4.092933937560629,130.50559553217775,4.092817300805454,3.9870796E-14,7.25759E-15,eFEDS J084201.3+040534,6988,130.50559997558594,4.092817306518555,582164949909149056,130.50732421875,4.091620922088623,7.553674221038818,3,6,5,0.015955488071262344
eFEDS J084150.0+040414,12585,-99,130.45830230635497,4.070846266952888,130.4584209079785,4.070730157847621,1.3731383E-14,4.049355E-15,eFEDS J084201.3+040534,6988,130.50559997558594,4.092817306518555,582164949909149056,130.50732421875,4.091620922088623,7.553674221038818,3,6,5,187.14560904730857
eFEDS J084153.8+040555,26411,-99,130.4744179026439,4.098748591471591,130.47453818527043,4.098631815810795,9.028784E-15,3.3768017E-15,eFEDS J084201.3+040534,6988,130.50559997558594,4.092817306518555,582164949909149056,130.50732421875,4.091620922088623,7.553674221038818,3,6,5,113.48405309077192
eFEDS J083956.8+031528,1133,-99,129.98683598691497,3.257984173557279,129.98690567537727,3.2578874828242443,4.4289486E-14,7.201131E-15,eFEDS J083945.5+031556,7213,129.93959045410156,3.265655994415283,3080058452555913472,129.92398071289062,3.218923568725586,177.3430633544922,4,9,11,172.34310834352186
eFEDS J083958.4+031548,1134,-99,129.9935580504027,3.263444642809102,129.99362806709985,3.263347821631524,5.0567125E-14,7.466297E-15,eFEDS J083945.5+031556,7213,129.93959045410156,3.265655994415283,3080058452555913472,129.92398071289062,3.218923568725586,177.3430633544922,4,9,11,194.39740435351143
eFEDS J083949.4+031952,3494,-99,129.95602641076496,3.3314014112795323,129.9561005127732,3.331302966690263,4.0214234E-14,7.0010293E-15,eFEDS J083945.5+031556,7213,129.93959045410156,3.265655994415283,3080058452555913472,129.92398071289062,3.218923568725586,177.3430633544922,4,9,11,243.66454664303686
eFEDS J083951.5+031618,5616,-99,129.96472576606692,3.2718462361145213,129.96479628780133,3.271749214232214,3.3463673E-14,5.97276E-15,eFEDS J083945.5+031556,7213,129.93959045410156,3.265655994415283,3080058452555913472,129.92398071289062,3.218923568725586,177.3430633544922,4,9,11,93.21121126030057
eFEDS J083948.6+031711,5617,-99,129.95268372264897,3.286489349692639,129.95275512463536,3.2863919780026185,2.4425662E-14,5.1567984E-15,eFEDS J083945.5+031556,7213,129.93959045410156,3.265655994415283,3080058452555913472,129.92398071289062,3.218923568725586,177.3430633544922,4,9,11,88.38154636682854
eFEDS J083945.5+031556,7213,-99,129.93951507648063,3.2657528139296845,129.93958523192575,3.265655937612463,4.76615E-14,8.698177E-15,eFEDS J083945.5+031556,7213,129.93959045410156,3.265655994415283,3080058452555913472,129.92398071289062,3.218923568725586,177.3430633544922,4,9,11,0.018770418667846234
eFEDS J083941.0+031810,10169,-99,129.92097478860813,3.30301379974639,129.92104718397724,3.3029160333056184,1.982262E-14,4.6856355E-15,eFEDS J083945.5+031556,7213,129.93959045410156,3.265655994415283,3080058452555913472,129.92398071289062,3.218923568725586,177.3430633544922,4,9,11,149.78054150352256
eFEDS J083947.7+031433,11046,-99,129.948846053222,3.24262406315315,129.94891481839355,3.2425277393560856,1.4991836E-14,4.0507614E-15,eFEDS J083945.5+031556,7213,129.93959045410156,3.265655994415283,3080058452555913472,129.92398071289062,3.218923568725586,177.3430633544922,4,9,11,89.75340802841845
eFEDS J083928.3+031338,15112,-99,129.86785638838288,3.227464522686902,129.8679242423522,3.2273685610344156,1.0380088E-14,4.0010613E-15,eFEDS J083945.5+031556,7213,129.93959045410156,3.265655994415283,3080058452555913472,129.92398071289062,3.218923568725586,177.3430633544922,4,9,11,292.1439597065797
eFEDS J083929.5+031305,15114,-99,129.87302327913744,3.218228812229479,129.87309057798686,3.2181330712078537,8.8324115E-15,3.3480163E-15,eFEDS J083945.5+031556,7213,129.93959045410156,3.265655994415283,3080058452555913472,129.92398071289062,3.218923568725586,177.3430633544922,4,9,11,293.9355104618722
eFEDS J083941.9+031305,19353,-99,129.92458194533384,3.218264084933776,129.92464924630332,3.2181683430695247,9.382931E-15,3.3483657E-15,eFEDS J083945.5+031556,7213,129.93959045410156,3.265655994415283,3080058452555913472,129.92398071289062,3.218923568725586,177.3430633544922,4,9,11,179.1918854190189
eFEDS J085423.3-020742,3967,-99,133.59756735709524,-2.128493437986584,133.59731386862128,-2.1284614517544544,4.0431647E-14,6.9505012E-15,eFEDS J085440.4-020931,7700,133.66856384277344,-2.1588237285614014,5763911222937241600,133.6679229736328,-2.157006025314331,6.930751323699951,2,17,4,278.65311140963325
eFEDS J085440.4-020931,7700,-99,133.66881378489376,-2.158856514007282,133.66855847000096,-2.1588238024350033,4.774894E-14,9.132614E-15,eFEDS J085440.4-020931,7700,133.66856384277344,-2.1588237285614014,5763911222937241600,133.6679229736328,-2.157006025314331,6.930751323699951,2,17,4,0.019330082411125524
eFEDS J085434.6-021107,14047,-99,133.64482370377655,-2.18539401748311,133.64456679246473,-2.185360671959359,2.0465493E-14,5.6910716E-15,eFEDS J085440.4-020931,7700,133.66856384277344,-2.1588237285614014,5763911222937241600,133.6679229736328,-2.157006025314331,6.930751323699951,2,17,4,128.75930135374557
eFEDS J085421.7-021039,20513,-99,133.59089045938518,-2.177800136191675,133.5906340049105,-2.1777669720773103,1.6595205E-14,5.4380095E-15,eFEDS J085440.4-020931,7700,133.66856384277344,-2.1588237285614014,5763911222937241600,133.6679229736328,-2.157006025314331,6.930751323699951,2,17,4,288.52181087524343
eFEDS J090634.9+045033,8384,-99,136.64528160660657,4.842786589939127,136.64544677216162,4.842652040037256,1.0145644E-13,1.7599674E-14,eFEDS J090634.9+045033,8384,136.64544677734375,4.842651844024658,580071273611480960,136.6513214111328,4.808570861816406,124.49203491210938,2,22,8,7.058901604383013E-4
eFEDS J090622.2+045114,10565,-99,136.59256885875254,4.8541875529166445,136.59273471297985,4.854052730658436,2.8938545E-14,8.488667E-15,eFEDS J090634.9+045033,8384,136.64544677734375,4.842651844024658,580071273611480960,136.6513214111328,4.808570861816406,124.49203491210938,2,22,8,193.48764236448605
eFEDS J090636.4+044833,11891,-99,136.6517064171677,4.809438038068796,136.65186956848243,4.8093042848267755,2.552306E-14,7.13141E-15,eFEDS J090634.9+045033,8384,136.64544677734375,4.842651844024658,580071273611480960,136.6513214111328,4.808570861816406,124.49203491210938,2,22,8,122.2421321237058
eFEDS J090616.5+045021,17464,-99,136.56898538050407,4.83936109934316,136.56915033914902,4.839226631272453,2.7483619E-14,8.828986E-15,eFEDS J090634.9+045033,8384,136.64544677734375,4.842651844024658,580071273611480960,136.6513214111328,4.808570861816406,124.49203491210938,2,22,8,273.9650242487497
eFEDS J090642.4+045037,19403,-99,136.67674689912016,4.8438401127230755,136.67691212831173,4.843705537653716,1.7641487E-14,6.4728958E-15,eFEDS J090634.9+045033,8384,136.64544677734375,4.842651844024658,580071273611480960,136.6513214111328,4.808570861816406,124.49203491210938,2,22,8,112.93453941261004
eFEDS J090645.3+045107,19404,-99,136.68867488748532,4.852167677534147,136.68884061970041,4.852032903528516,1.3026007E-14,5.5555476E-15,eFEDS J090634.9+045033,8384,136.64544677734375,4.842651844024658,580071273611480960,136.6513214111328,4.808570861816406,124.49203491210938,2,22,8,159.2805414345334
eFEDS J090652.4+045039,23984,-99,136.71850116023046,4.844302357461821,136.71866641734334,4.844167771349948,1.20076754E-14,5.192765E-15,eFEDS J090634.9+045033,8384,136.64544677734375,4.842651844024658,580071273611480960,136.6513214111328,4.808570861816406,124.49203491210938,2,22,8,262.70615789841435
eFEDS J090638.5+045430,31420,-99,136.66035853460008,4.908577700766129,136.66052767466275,4.908441579187722,1.777426E-14,7.195755E-15,eFEDS J090634.9+045033,8384,136.64544677734375,4.842651844024658,580071273611480960,136.6513214111328,4.808570861816406,124.49203491210938,2,22,8,242.94212127023636
eFEDS J091802.4+014610,4372,-99,139.51002454146575,1.7697707401136358,139.5100048977972,1.7697096011459552,3.4712406E-14,6.0166897E-15,eFEDS J091749.4+014621,9976,139.45594787597656,1.7727669477462769,3845003191809055872,139.491943359375,1.7325289249420166,194.30792236328125,2,18,5,194.82344674853294
eFEDS J091749.4+014621,9976,-99,139.45597073553975,1.7728281629559306,139.45595127520204,1.7727669509498156,9.682903E-14,1.7168011E-14,eFEDS J091749.4+014621,9976,139.45594787597656,1.7727669477462769,3845003191809055872,139.491943359375,1.7325289249420166,194.30792236328125,2,18,5,0.01223136013697432
eFEDS J091809.2+014645,10224,-99,139.53858836723285,1.779480242136141,139.53856930577265,1.7794188712192456,1.8871198E-14,4.6124277E-15,eFEDS J091749.4+014621,9976,139.45594787597656,1.7727669477462769,3845003191809055872,139.491943359375,1.7325289249420166,194.30792236328125,2,18,5,298.25715013637966
eFEDS J091746.6+014206,25025,-99,139.4444177594852,1.7017361535543793,139.4443940364285,1.7016766398573777,1.1848382E-14,4.17551E-15,eFEDS J091749.4+014621,9976,139.45594787597656,1.7727669477462769,3845003191809055872,139.491943359375,1.7325289249420166,194.30792236328125,2,18,5,259.2799972490043
eFEDS J091734.6+014736,31074,-99,139.39458450179004,1.7934674835313267,139.39456627905307,1.7934057784747757,8.717002E-15,3.4240665E-15,eFEDS J091749.4+014621,9976,139.45594787597656,1.7727669477462769,3845003191809055872,139.491943359375,1.7325289249420166,194.30792236328125,2,18,5,233.02913996929425
