Cluster_ID,Cluster_ID_SRC,Cluster_RA,Cluster_DEC,Cluster_z,source_id,source_ra,source_dec,source_redshift,separation,Name,ID_SRC,RA_CORR,DEC_CORR,EXT,EXT_LIKE,ML_FLUX
eFEDS J093712.8+031651,38,144.30357360839844,3.281043291091919,0.24743999540805817,3850733404031582848,144.2484893798828,3.306312322616577,3.8292181491851807,217.8682098388672,eFEDS J093659.6+031825,13954,144.2483809419624,3.3069881821571006,0.0,0.0,1.4145716e-14
eFEDS J085751.6+031039,108,134.46530151367188,3.177539110183716,0.20054000616073608,578251959824896640,134.5100555419922,3.12762451171875,2.977076768875122,241.1890869140625,eFEDS J085802.6+030740,5785,134.51104642981838,3.1277924915821065,0.0,0.0,2.805007e-14
eFEDS J092647.5+050032,137,141.6979522705078,5.0090532302856445,0.4549199938774109,3852149231410867840,141.6918487548828,5.072366714477539,1.6917551755905151,228.9776611328125,eFEDS J092646.1+050424,22652,141.6922833908374,5.0733440523100555,0.0,0.0,8.450688e-15
eFEDS J084528.6+032739,144,131.3695068359375,3.4608874320983887,0.33432501554489136,581277781465316096,131.33567810058594,3.4161391258239746,0.3743792176246643,201.78489685058594,eFEDS J084520.5+032455,3663,131.33544886343833,3.4154672857530066,0.0,0.0,4.1291823e-14
eFEDS J092002.1+010219,150,140.009033203125,1.0388675928115845,0.017000000923871994,3844131107289292544,139.9637451171875,0.9819409847259521,0.7472863793373108,261.8541259765625,eFEDS J091951.2+005903,13168,139.96350889912307,0.9841793681748556,0.0,0.0,1.5174116e-14
eFEDS J090131.1+030056,152,135.37998962402344,3.0156965255737305,0.1932400017976761,578206398811348864,135.3057861328125,3.0229625701904297,1.8010656833648682,268.0482177734375,eFEDS J090112.9+030126,7016,135.3039563666715,3.023911462491626,0.0,0.0,2.9223667e-14
eFEDS J091057.2+041730,206,137.73841857910156,4.291769027709961,0.4684799909591675,579217880789832704,137.72789001464844,4.2134552001953125,0.6377061605453491,284.4529113769531,eFEDS J091054.7+041247,415,137.72792250545777,4.213228875288054,0.0,0.0,1.5765339e-13
eFEDS J091057.2+041730,206,137.73841857910156,4.291769027709961,0.4684799909591675,579221213684467456,137.6945343017578,4.246768951416016,2.3710505962371826,225.96578979492188,eFEDS J091046.5+041449,3666,137.69388220685903,4.246982181200393,0.0,0.0,4.0142196e-14
eFEDS J091057.2+041730,206,137.73841857910156,4.291769027709961,0.4684799909591675,579221286699051520,137.69334411621094,4.249583721160889,2.815422296524048,221.9303741455078,eFEDS J091046.5+041449,3666,137.69388220685903,4.246982181200393,0.0,0.0,4.0142196e-14
eFEDS J084034.5+023638,250,130.14405822753906,2.610764503479004,0.04899999871850014,3079164171645499648,130.1715087890625,2.549730062484741,2.51230525970459,240.87936401367188,eFEDS J084040.9+023257,9600,130.17047144971423,2.5491962840408084,0.0,0.0,1.7018366e-14
eFEDS J084034.5+023638,250,130.14405822753906,2.610764503479004,0.04899999871850014,3079164279019943424,130.1592254638672,2.5652425289154053,1.8428319692611694,172.7153778076172,eFEDS J084038.2+023353,9599,130.1592731594019,2.5648665964607718,0.0,0.0,2.1820736e-14
eFEDS J092735.3+014423,266,141.89743041992188,1.739898681640625,0.14855000376701355,3844465393183884160,141.90875244140625,1.741988182067871,0.43343737721443176,41.422271728515625,eFEDS J092737.9+014431,264,141.9080640279093,1.7420179813841938,0.0,0.0,1.9417259e-13
eFEDS J092405.0-013059,298,141.02105712890625,-1.5165138244628906,0.3371799886226654,3838824451857631872,141.01589965820312,-1.5951772928237915,1.5775588750839233,283.7969665527344,eFEDS J092403.6-013538,1918,141.01511814393922,-1.5940268151743944,0.0,0.0,2.6160414e-14
eFEDS J092405.0-013059,298,141.02105712890625,-1.5165138244628906,0.3371799886226654,3838824554936860544,141.0254669189453,-1.575857162475586,2.848803758621216,214.22303771972656,eFEDS J092405.7-013435,1920,141.0239900279879,-1.5764934239753357,0.0,0.0,2.1339389e-14
eFEDS J085436.6+003835,328,133.65257263183594,0.6431198120117188,0.1060900017619133,3074799935117128960,133.66400146484375,0.6951145529747009,0.4418129324913025,191.6527099609375,eFEDS J085439.3+004142,225,133.6640275564626,0.6951241702651592,0.0,0.0,2.3376944e-13
eFEDS J090540.0+043440,354,136.4170684814453,4.577979564666748,0.2359600067138672,579971321132470016,136.4315185546875,4.5631537437438965,1.3015254735946655,74.4276351928711,eFEDS J090543.6+043349,355,136.43171607202788,4.56369093245743,0.0,0.0,1.6381335e-13
eFEDS J090540.0+043440,354,136.4170684814453,4.577979564666748,0.2359600067138672,579972695522014336,136.4986572265625,4.58738374710083,0.8636749386787415,294.7230224609375,eFEDS J090559.3+043515,1449,136.4972064786202,4.587649288607858,0.0,0.0,5.4221974e-14
eFEDS J090540.0+043440,354,136.4170684814453,4.577979564666748,0.2359600067138672,579972970399924352,136.46829223632812,4.597397327423096,2.53066086769104,196.66175842285156,eFEDS J090552.3+043545,9610,136.46792490769207,4.596043936394635,0.0,0.0,2.2022333e-14
eFEDS J090210.6+032513,431,135.54454040527344,3.4204444885253906,0.5346300005912781,578315044304069632,135.52749633789062,3.35745906829834,0.8962490558624268,234.8795166015625,eFEDS J090206.5+032122,12816,135.52741273841028,3.3561735657189407,0.0,0.0,1.5951357e-14
eFEDS J093009.0+040144,536,142.5375518798828,4.02893590927124,0.3279699981212616,3851748180249053184,142.59378051757812,4.085371494293213,1.9300678968429565,286.4505310058594,eFEDS J093022.3+040504,9662,142.5933233352418,4.08452651686859,0.0,0.0,1.9589578e-14
eFEDS J092546.3-014347,566,141.4431610107422,-1.729841947555542,0.22822999954223633,3838145400348226432,141.47015380859375,-1.7746899127960205,2.1400039196014404,188.43051147460938,eFEDS J092552.8-014629,3403,141.4701739747547,-1.77480962444926,0.0,0.0,3.076988e-14
eFEDS J092546.3-014347,566,141.4431610107422,-1.729841947555542,0.22822999954223633,3838146328061164160,141.39300537109375,-1.7703230381011963,1.5417289733886719,231.9548797607422,eFEDS J092534.3-014616,15564,141.3932123590081,-1.771120521743014,0.0,0.0,1.00893694e-14
eFEDS J092546.3-014347,566,141.4431610107422,-1.729841947555542,0.22822999954223633,3838147912903467904,141.47422790527344,-1.7120182514190674,0.5960253477096558,128.92770385742188,eFEDS J092553.7-014242,1702,141.47416241860262,-1.7118227270507453,0.0,0.0,4.8485833e-14
eFEDS J085620.7+014649,569,134.08645629882812,1.7804590463638306,0.7240800261497498,577635752277787008,134.11074829101562,1.7883862257003784,1.598637342453003,91.96532440185547,eFEDS J085626.5+014718,3125,134.11082404541906,1.7884510074558067,0.0,0.0,4.4600273e-14
eFEDS J091315.0+034850,593,138.31251525878906,3.8139216899871826,0.4529600143432617,578957369548247296,138.24063110351562,3.7987916469573975,0.4538087546825409,263.9154968261719,eFEDS J091257.9+034757,1276,138.2413320349981,3.799335159555257,0.0,0.0,7.4742384e-14
eFEDS J091315.0+034850,593,138.31251525878906,3.8139216899871826,0.4529600143432617,578978157190652160,138.33602905273438,3.823856830596924,2.065361976623535,91.69396209716797,eFEDS J091320.9+034923,4928,138.3370933849687,3.8231880486508536,0.0,0.0,2.6177912e-14
eFEDS J092921.7+040040,609,142.34080505371094,4.0112128257751465,0.5005220174789429,3851739899552177536,142.3519744873047,3.9414165019989014,1.9186437129974365,254.4519805908203,eFEDS J092924.8+035623,12390,142.35333744765444,3.939995958046344,0.0,0.0,1.7633534e-14
eFEDS J092921.7+040040,609,142.34080505371094,4.0112128257751465,0.5005220174789429,3851740449308140928,142.39364624023438,3.976083755493164,2.6938092708587646,228.04493713378906,eFEDS J092934.4+035835,20646,142.3934688020679,3.9766370648364022,0.0,0.0,1.346997e-14
eFEDS J090930.6+034055,638,137.3775177001953,3.6821703910827637,0.7400000095367432,579053984837526016,137.3507080078125,3.6395087242126465,2.216305732727051,181.291015625,eFEDS J090923.8+033818,14086,137.3492839696577,3.6385745139012715,0.0,0.0,1.614637e-14
eFEDS J090930.6+034055,638,137.3775177001953,3.6821703910827637,0.7400000095367432,579054465873879552,137.33116149902344,3.682032346725464,1.6144322156906128,166.52764892578125,eFEDS J090919.4+034054,21785,137.3311599039609,3.681885758903591,0.0,0.0,9.653566e-15
eFEDS J092821.2+042149,666,142.08839416503906,4.363688945770264,0.23497499525547028,3851813360673575808,142.10330200195312,4.381392955780029,1.1645081043243408,83.22445678710938,eFEDS J092825.0+042249,667,142.1043266479088,4.380278382710918,0.0,0.0,5.707937e-14
eFEDS J092821.2+042149,666,142.08839416503906,4.363688945770264,0.23497499525547028,3851816143812176768,142.03985595703125,4.376925945281982,0.7909687161445618,180.65005493164062,eFEDS J092809.3+042236,15105,142.03884123098493,4.376787809499847,0.0,0.0,1.6653049e-14
eFEDS J092821.2+042149,666,142.08839416503906,4.363688945770264,0.23497499525547028,3851816556129047808,142.05438232421875,4.3943657875061035,0.2386496216058731,164.6134796142578,eFEDS J092813.0+042339,263,142.054526652048,4.394193294640267,0.0,0.0,2.29534e-13
eFEDS J083900.6+020057,736,129.75265502929688,2.015942096710205,0.3585200011730194,3078700968012416000,129.74803161621094,1.9843565225601196,0.36048030853271484,114.91988372802734,eFEDS J083859.1+015902,14537,129.74636852240513,1.9839698121835054,0.0,0.0,1.2562562e-14
eFEDS J093151.3-002212,836,142.96380615234375,-0.370129257440567,0.33566001057624817,3840597418652064256,142.96075439453125,-0.3264615833759308,1.837842583656311,157.5879364013672,eFEDS J093150.7-001936,2285,142.96143878483232,-0.3266814304212898,0.0,0.0,6.512169e-14
eFEDS J085131.0+045239,863,132.87953186035156,4.877757549285889,0.39484500885009766,581915257692324480,132.9054412841797,4.865755081176758,0.40043941140174866,102.50921630859375,eFEDS J085137.3+045157,598,132.90564651099265,4.865983102356144,0.0,0.0,1.7707469e-13
eFEDS J090913.8-001214,885,137.30784606933594,-0.20401591062545776,0.3095400035381317,3842853371698670336,137.323486328125,-0.22518984973430634,2.626727342605591,94.75355529785156,eFEDS J090917.4-001338,8380,137.32280438215486,-0.22726013504461243,0.0,0.0,1.4412938e-14
eFEDS J093403.5-001422,900,143.51478576660156,-0.2397170066833496,0.23997999727725983,3839861634919937280,143.49374389648438,-0.25290387868881226,1.1728475093841553,89.41805267333984,eFEDS J093358.6-001509,901,143.49445795760366,-0.25259153759463177,0.0,0.0,4.912301e-14
eFEDS J093403.5-001422,900,143.51478576660156,-0.2397170066833496,0.23997999727725983,3839873592108889856,143.49099731445312,-0.2285277098417282,1.6816903352737427,94.62709045410156,eFEDS J093357.9-001348,903,143.49149025428736,-0.23009571445074625,0.0,0.0,2.2035457e-14
eFEDS J093403.5-001422,900,143.51478576660156,-0.2397170066833496,0.23997999727725983,3839876139024197632,143.4808349609375,-0.17135195434093475,1.7610646486282349,274.8050537109375,eFEDS J093355.4-001014,15144,143.48093038813153,-0.17064532366170113,0.0,0.0,1.23481335e-14
eFEDS J093403.5-001422,900,143.51478576660156,-0.2397170066833496,0.23997999727725983,3839876173383790976,143.49644470214844,-0.17294126749038696,1.3569176197052002,249.29405212402344,eFEDS J093359.5-001021,15143,143.49800442208627,-0.17265479978665738,0.0,0.0,1.1015898e-14
eFEDS J091358.1+025707,940,138.49241638183594,2.952061653137207,0.4165399968624115,3845463852822087936,138.56068420410156,2.9503839015960693,1.3644274473190308,245.52694702148438,eFEDS J091414.6+025701,10204,138.56124328275155,2.9504633698973755,0.0,0.0,1.9675164e-14
eFEDS J090059.3+035925,983,135.24713134765625,3.990476369857788,0.4118500053882599,578589097577341440,135.19039916992188,4.001162052154541,3.5365030765533447,207.3483428955078,eFEDS J090045.5+040004,4140,135.1899017404908,4.001275421985997,0.0,0.0,3.5079185e-14
eFEDS J091849.0+021204,994,139.70420837402344,2.201340436935425,0.28319498896598816,3845162139958565632,139.7024383544922,2.2227354049682617,0.5319082140922546,77.28431701660156,eFEDS J091848.6+021323,995,139.70259910609644,2.223184568072146,0.0,0.0,8.744366e-14
eFEDS J085027.8+001503,1023,132.6160430908203,0.25085392594337463,0.1966550052165985,3074656586288830976,132.54302978515625,0.2763745188713074,1.608106017112732,278.44793701171875,eFEDS J085010.5+001631,17679,132.54382634666555,0.27553229500016957,0.0,0.0,1.8737004e-14
eFEDS J093025.7-020507,1064,142.607177734375,-2.085554838180542,0.21995499730110168,3837895776848455040,142.5609588623047,-2.1157944202423096,0.6854769587516785,198.75155639648438,eFEDS J093014.5-020655,946,142.56078948881554,-2.115470708483321,0.0,0.0,8.403507e-14
eFEDS J093025.7-020507,1064,142.607177734375,-2.085554838180542,0.21995499730110168,3837897116878258048,142.60507202148438,-2.1055548191070557,0.6847065687179565,72.39826202392578,eFEDS J093025.2-020624,1065,142.6053635259465,-2.1067045988822297,0.0,0.0,7.547468e-14
eFEDS J093522.2+032329,1242,143.84266662597656,3.391503095626831,0.3243534564971924,3850791914370589696,143.9022979736328,3.4458813667297363,2.700329542160034,290.2630920410156,eFEDS J093536.2+032645,15770,143.9011977750264,3.4460611453607974,0.0,0.0,8.423598e-15
eFEDS J091302.1+035000,1277,138.25901794433594,3.8335916996002197,0.4545150101184845,578978157190652160,138.33602905273438,3.823856830596924,2.065361976623535,278.8152160644531,eFEDS J091320.9+034923,4928,138.3370933849687,3.8231880486508536,0.0,0.0,2.6177912e-14
eFEDS J091351.1-004507,1319,138.4631805419922,-0.7519665360450745,0.29436999559402466,3841849551942258432,138.3902587890625,-0.7141614556312561,0.43097221851348877,295.705810546875,eFEDS J091333.6-004250,29,138.390051144528,-0.7141230222950173,0.0,0.0,7.465351e-13
eFEDS J085948.9+041120,1350,134.9539337158203,4.1889262199401855,0.20765000581741333,578653350289477248,134.9449462890625,4.137657165527344,1.253988265991211,187.36846923828125,eFEDS J085946.2+040810,23647,134.94275226147874,4.136223498366117,0.0,0.0,9.480616e-15
eFEDS J085948.9+041120,1350,134.9539337158203,4.1889262199401855,0.20765000581741333,578654832051856256,134.9178009033203,4.186649799346924,4.479984760284424,129.99282836914062,eFEDS J085940.2+041112,3010,134.91772173065215,4.186750184090367,0.0,0.0,4.574882e-14
eFEDS J085255.1-013737,1376,133.22972106933594,-1.627118468284607,0.342739999294281,5764006021454687744,133.18833923339844,-1.6256495714187622,2.1989145278930664,149.0170135498047,eFEDS J085245.2-013734,379,133.18848671494317,-1.6263827498906602,0.0,0.0,5.2647977e-14
eFEDS J091414.9+022709,1424,138.5623321533203,2.4527428150177,0.3478200137615204,3845287763457160448,138.62220764160156,2.3954193592071533,2.5021302700042725,298.2664489746094,eFEDS J091429.6+022345,12138,138.62340554048242,2.3958568409706373,0.0,0.0,1.8105529e-14
eFEDS J085412.8-022123,1458,133.5535888671875,-2.356618642807007,0.37743499875068665,5763810239668340608,133.5425262451172,-2.3765506744384766,0.660216212272644,82.0440902709961,eFEDS J085410.3-022236,1568,133.54298105208832,-2.3769288049326533,0.0,0.0,1.8045846e-13
eFEDS J090838.0+015226,1479,137.15853881835938,1.8740509748458862,0.2640700042247772,3843775621436066944,137.18011474609375,1.8059122562408447,0.557392418384552,257.298095703125,eFEDS J090843.4+014820,2662,137.18090255539272,1.8055558434244245,0.0,0.0,4.512637e-14
eFEDS J092533.6-014205,1483,141.3903350830078,-1.701607584953308,0.22943000495433807,3838146328061164160,141.39300537109375,-1.7703230381011963,1.5417289733886719,247.56173706054688,eFEDS J092534.3-014616,15564,141.3932123590081,-1.771120521743014,0.0,0.0,1.00893694e-14
eFEDS J092803.4+010953,1527,142.01422119140625,1.164846658706665,0.5524700284004211,3844385644231572864,142.03579711914062,1.2389516830444336,1.5556758642196655,277.85211181640625,eFEDS J092808.4+011420,15318,142.03513954688606,1.238970516209993,0.0,0.0,8.9494655e-15
eFEDS J092915.7-001357,1549,142.31582641601562,-0.23266582190990448,0.3220300078392029,3840562882819887104,142.28985595703125,-0.27533116936683655,0.4449295103549957,179.79356384277344,eFEDS J092909.5-001633,12277,142.28976477664526,-0.2760631736571988,0.0,0.0,1.5548576e-14
eFEDS J093938.3+042218,1594,144.9095916748047,4.371716499328613,0.36871498823165894,3851249001970484352,144.97000122070312,4.314551830291748,2.9405860900878906,298.93463134765625,eFEDS J093952.8+041854,12654,144.97020654965024,4.315097078527182,0.0,0.0,1.4773488e-14
eFEDS J093938.3+042218,1594,144.9095916748047,4.371716499328613,0.36871498823165894,3851249689165259904,144.89427185058594,4.331784725189209,0.7898897528648376,153.91165161132812,eFEDS J093934.5+041951,6193,144.89406601645817,4.331066862073717,0.0,0.0,2.1801994e-14
eFEDS J084501.0+012728,1607,131.25424194335938,1.457810640335083,0.4202199876308441,3075801349691970688,131.28460693359375,1.398314118385315,2.6557235717773438,240.4676055908203,eFEDS J084508.2+012353,6849,131.28421732823594,1.3981277831169918,0.0,0.0,2.25225e-14
eFEDS J084501.0+012728,1607,131.25424194335938,1.457810640335083,0.4202199876308441,3075801521490672768,131.2772674560547,1.4101872444152832,1.613852858543396,190.43495178222656,eFEDS J084506.2+012438,6850,131.27620984316835,1.4105837023227517,0.0,0.0,1.0740964e-14
eFEDS J093431.3-002309,1641,143.6304473876953,-0.38597768545150757,0.3420200049877167,3839858817421282688,143.62828063964844,-0.30710509419441223,1.148760199546814,284.0480651855469,eFEDS J093431.0-001823,2165,143.62928864695,-0.3066150683484639,0.0,0.0,6.395702e-14
eFEDS J090034.1-010649,1652,135.14219665527344,-1.1137210130691528,0.27250999212265015,5764280349606328960,135.1663818359375,-1.1395601034164429,1.2901943922042847,127.41032409667969,eFEDS J090039.8-010821,1650,135.16620242250454,-1.1393568740869426,0.0,0.0,2.8576286e-14
eFEDS J090034.1-010649,1652,135.14219665527344,-1.1137210130691528,0.27250999212265015,5764469087648754176,135.082763671875,-1.0876933336257935,1.782892107963562,233.52923583984375,eFEDS J090019.7-010513,1265,135.08237492905036,-1.087068934038501,0.0,0.0,3.4166192e-14
eFEDS J090034.1-010649,1652,135.14219665527344,-1.1137210130691528,0.27250999212265015,5764469122008491136,135.10633850097656,-1.0910183191299438,1.1121050119400024,152.74305725097656,eFEDS J090025.4-010526,724,135.10596371735917,-1.0907249294404493,0.0,0.0,4.1758128e-14
eFEDS J090034.1-010649,1652,135.14219665527344,-1.1137210130691528,0.27250999212265015,5764469843563012864,135.1261749267578,-1.0472259521484375,3.125615119934082,246.22299194335938,eFEDS J090030.2-010247,23989,135.1259187655787,-1.0464582322214564,0.0,0.0,5.0529234e-15
eFEDS J093207.5-021317,1674,143.03158569335938,-2.2214572429656982,0.6661049723625183,3837839087575390336,143.0476837158203,-2.202223777770996,1.4462199211120605,90.25938415527344,eFEDS J093211.4-021203,1356,143.04769914704966,-2.2008990725986965,0.0,0.0,3.6087778e-14
eFEDS J093141.2-004717,1705,142.92193603515625,-0.7883126735687256,0.09300000220537186,3839721142244415232,142.9218292236328,-0.86811763048172,1.2538615465164185,287.2980651855469,eFEDS J093140.9-005204,8185,142.92065074342676,-0.8679051370392069,0.0,0.0,2.0140856e-14
eFEDS J093141.2-004717,1705,142.92193603515625,-0.7883126735687256,0.09300000220537186,3839816902835161344,142.96975708007812,-0.7552809715270996,1.0828534364700317,209.2583465576172,eFEDS J093152.7-004520,1521,142.9699368402999,-0.7556718423445405,0.0,0.0,7.7852214e-14
eFEDS J090257.4+004819,1712,135.7395477294922,0.80548495054245,0.5210949778556824,576605681679916672,135.75157165527344,0.7865786552429199,3.3382110595703125,80.65889739990234,eFEDS J090300.5+004711,1713,135.75208587574375,0.7865273659117336,0.0,0.0,5.1006068e-14
eFEDS J093546.3-000115,1761,143.94325256347656,-0.021101949736475945,0.3394399881362915,3840244402404846336,143.9590301513672,-0.019997894763946533,2.6493639945983887,56.91920471191406,eFEDS J093550.3-000113,1762,143.95975620667213,-0.020369362892947423,0.0,0.0,2.3964095e-14
eFEDS J085530.1-010634,1797,133.87557983398438,-1.1097029447555542,0.7538620233535767,5764416998285057920,133.92019653320312,-1.1787559986114502,0.9943342804908752,295.9529113769531,eFEDS J085540.8-011045,8931,133.92038444360506,-1.1794378903228135,0.0,0.0,1.4751931e-14
eFEDS J084417.9+010415,1812,131.0748291015625,1.071083664894104,0.34018999338150024,3075749466486418944,131.11265563964844,1.014668345451355,2.453869342803955,244.5217742919922,eFEDS J084427.0+010055,9356,131.11261561904567,1.0154067731086716,0.0,0.0,1.7517614e-14
eFEDS J084417.9+010415,1812,131.0748291015625,1.071083664894104,0.34018999338150024,3075754036331468672,131.1342010498047,1.0604393482208252,1.4087716341018677,217.10008239746094,eFEDS J084432.0+010335,2827,131.13359152790133,1.0599447345626745,0.0,0.0,4.6677556e-14
eFEDS J084417.9+010415,1812,131.0748291015625,1.071083664894104,0.34018999338150024,3075767333550466048,131.04994201660156,1.1448222398757935,1.5469443798065186,280.1651306152344,eFEDS J084412.2+010840,8909,131.05107679421133,1.1445968517528713,0.0,0.0,2.4145577e-14
eFEDS J093049.2-003714,1823,142.70521545410156,-0.6207469701766968,0.3341600000858307,3840491796816349312,142.67845153808594,-0.5791480541229248,1.5312798023223877,178.07606506347656,eFEDS J093043.1-003448,5883,142.6799156941735,-0.5800901204443728,0.0,0.0,3.2319623e-14
eFEDS J093049.2-003714,1823,142.70521545410156,-0.6207469701766968,0.3341600000858307,3839740658575743104,142.72357177734375,-0.6354652047157288,2.4791605472564697,84.6879653930664,eFEDS J093053.7-003807,1824,142.72391854319355,-0.6354578013012193,0.0,0.0,1.697079e-14
eFEDS J093049.2-003714,1823,142.70521545410156,-0.6207469701766968,0.3341600000858307,3839740727295221248,142.71145629882812,-0.6301997303962708,1.497084617614746,40.77983856201172,eFEDS J093050.6-003748,1826,142.71118119823788,-0.6300123359891485,0.0,0.0,2.2891425e-14
eFEDS J092339.0+052654,1894,140.9128875732422,5.448574066162109,0.3733200132846832,585534300213602944,140.85841369628906,5.500338554382324,1.6648616790771484,269.8659973144531,eFEDS J092326.4+052959,23753,140.86015350646767,5.499953326747926,0.0,0.0,4.8391897e-14
eFEDS J084105.5+031639,1906,130.27313232421875,3.2776806354522705,0.3366200029850006,3080049553383166208,130.27830505371094,3.2018980979919434,1.8353230953216553,273.4505920410156,eFEDS J084106.7+031205,691,130.27797680902873,3.201436592677329,0.0,0.0,1.2071537e-13
eFEDS J092046.2+002849,1915,140.192626953125,0.48034653067588806,0.41251999139785767,3843911101884526336,140.1211700439453,0.5227106809616089,1.547747015953064,299.08416748046875,eFEDS J092028.8+003118,6520,140.1201494219552,0.521680228272184,0.0,0.0,2.7311258e-14
eFEDS J091446.1+001047,1917,138.69248962402344,0.17987433075904846,0.5329599976539612,3842476239210932224,138.6883087158203,0.11355509608983994,0.5519999265670776,239.22335815429688,eFEDS J091445.1+000648,561,138.68796985827822,0.11350254560646267,0.0,0.0,1.3219078e-13
eFEDS J091446.1+001047,1917,138.69248962402344,0.17987433075904846,0.5329599976539612,3842482011647001344,138.74781799316406,0.13657072186470032,2.789806604385376,252.9285888671875,eFEDS J091459.8+000813,30940,138.7492076262889,0.13713826438459012,0.0,0.0,7.604886e-15
eFEDS J092737.7+020607,1924,141.90744018554688,2.102083921432495,0.4189800024032593,3844510060844355712,141.8624725341797,2.033149480819702,0.7635488510131836,296.2231140136719,eFEDS J092726.9+020155,2975,141.86210155959438,2.032055842017843,0.0,0.0,2.0473794e-14
eFEDS J092955.8-003403,1967,142.4828643798828,-0.5675949454307556,0.14970999956130981,3840495159775556352,142.5595245361328,-0.5869656205177307,3.9024126529693604,284.6015319824219,eFEDS J093014.2-003513,10391,142.55948892771423,-0.587037999550961,0.0,0.0,1.869988e-14
eFEDS J090915.3-010104,2004,137.3138885498047,-1.0178407430648804,0.8215349912643433,3841966684290632192,137.26475524902344,-0.9913758039474487,2.4123501777648926,200.864501953125,eFEDS J090903.5-005931,8887,137.26467201670397,-0.9920951934218886,0.0,0.0,1.6259772e-14
eFEDS J090153.9-012209,2048,135.47474670410156,-1.3694016933441162,0.29506000876426697,5764258599891734784,135.51834106445312,-1.3449043035507202,3.346548080444336,179.9499053955078,eFEDS J090204.3-012041,2148,135.51792663698683,-1.3449638787551705,0.0,0.0,4.2627553e-14
eFEDS J085447.0-012132,2079,133.69622802734375,-1.3590511083602905,0.35324999690055847,5764026362420215040,133.71844482421875,-1.4006907939910889,1.6182690858840942,169.90634155273438,eFEDS J085452.6-012402,6068,133.71936949135167,-1.400783810532888,0.0,0.0,2.8917566e-14
eFEDS J085447.0-012132,2079,133.69622802734375,-1.3590511083602905,0.35324999690055847,5764414013283482112,133.77305603027344,-1.3396028280258179,0.8128896355628967,285.2637023925781,eFEDS J085505.5-012024,587,133.7732851312145,-1.3400258680537203,0.0,0.0,1.3807137e-13
eFEDS J085119.9+022951,2101,132.83328247070312,2.4977376461029053,0.3809249997138977,577978598041141888,132.80084228515625,2.5256996154785156,3.03643536567688,154.11399841308594,eFEDS J085112.3+023136,16350,132.80166601228882,2.5268432396470857,0.0,0.0,1.6262357e-14
eFEDS J091450.6-022606,2154,138.71096801757812,-2.435084104537964,0.5035880208015442,3838529439143092608,138.78976440429688,-2.4211885929107666,1.5752124786376953,287.8146057128906,eFEDS J091509.3-022517,331,138.7890301390269,-2.4215671085400943,0.0,0.0,1.1350863e-13
eFEDS J084544.3-002914,2214,131.43484497070312,-0.4874456822872162,0.15571999549865723,3074979636548022528,131.40585327148438,-0.41599830985069275,1.3705986738204956,277.5806884765625,eFEDS J084537.0-002455,11285,131.40457809354012,-0.41537069118947184,0.0,0.0,2.5622801e-14
eFEDS J090803.8+020045,2234,137.0162353515625,2.012655019760132,0.46825000643730164,577183681198774528,136.94189453125,2.0259146690368652,0.5482751131057739,271.6908874511719,eFEDS J090745.9+020130,7002,136.94142087012412,2.0251365564936594,0.0,0.0,2.466134e-14
eFEDS J090628.9-012938,2424,136.6206512451172,-1.4941006898880005,0.4308899939060211,5763457158995804800,136.5576629638672,-1.543805480003357,2.958954095840454,288.7978820800781,eFEDS J090613.9-013236,3790,136.55798672573962,-1.5433423844804073,0.0,0.0,2.4872545e-14
eFEDS J083759.5-003643,2456,129.4981231689453,-0.6121033430099487,0.45060500502586365,3073623526395468160,129.4331512451172,-0.6375879049301147,0.6948702931404114,251.24649047851562,eFEDS J083743.8-003820,14194,129.43260454099047,-0.6391393172521868,0.0,0.0,1.2663371e-14
eFEDS J090849.7+042241,2460,137.20721435546875,4.378317356109619,0.7962499856948853,579983037803031808,137.19618225097656,4.333841800689697,2.4785540103912354,164.94740295410156,eFEDS J090847.3+042004,15264,137.19738123302344,4.334461097869452,0.0,0.0,9.44235e-15
eFEDS J084255.6+042332,2475,130.73175048828125,4.392425537109375,0.4837599992752075,582201199433788928,130.74806213378906,4.3578314781188965,4.795447826385498,137.623046875,eFEDS J084259.6+042125,5671,130.7484004786159,4.357198267291315,0.0,0.0,1.30699225e-14
eFEDS J084255.6+042332,2475,130.73175048828125,4.392425537109375,0.4837599992752075,582201233794734208,130.7281951904297,4.350705146789551,1.1346607208251953,150.73291015625,eFEDS J084254.7+042103,5670,130.72803494917466,4.350884731539109,0.0,0.0,2.5907807e-14
eFEDS J084255.6+042332,2475,130.73175048828125,4.392425537109375,0.4837599992752075,582204257450589696,130.79638671875,4.438777923583984,2.525283098220825,285.798828125,eFEDS J084311.1+042619,9891,130.7966062776711,4.438745139403925,0.0,0.0,1.697409e-14
eFEDS J085230.6+002457,2524,133.12750244140625,0.41587838530540466,0.27016499638557434,3074766812328947712,133.18280029296875,0.4008852243423462,2.3497135639190674,206.2062530517578,eFEDS J085243.9+002401,9379,133.1832947587952,0.4005013647045818,0.0,0.0,1.5637866e-14
eFEDS J093531.4+022710,2609,143.88107299804688,2.4529526233673096,0.2250293791294098,3847567733961747072,143.95599365234375,2.45312237739563,2.270373582839966,269.4627990722656,eFEDS J093549.8+022706,13132,143.95764669245258,2.451860579376763,0.0,0.0,1.462869e-14
eFEDS J093531.4+022710,2609,143.88107299804688,2.4529526233673096,0.2250293791294098,3847579107034493824,143.80174255371094,2.4655370712280273,2.804857015609741,288.9203796386719,eFEDS J093511.8+022757,11830,143.79926789652225,2.465971254440652,0.0,0.0,1.6610607e-14
eFEDS J092739.7-010427,2636,141.91580200195312,-1.0743056535720825,0.3294900059700012,3840450320317078016,141.91326904296875,-1.0346577167510986,0.4119381010532379,143.02365112304688,eFEDS J092739.2-010207,493,141.91354488992386,-1.035423486486607,0.0,0.0,1.3483973e-13
eFEDS J083125.9+015533,2659,127.85803985595703,1.9258979558944702,0.6844800114631653,3079422664252895744,127.8342514038086,1.8585578203201294,2.5467188358306885,257.0946044921875,eFEDS J083120.1+015130,6293,127.83414175507413,1.8584654882302956,0.0,0.0,2.882651e-14
eFEDS J090723.8-011210,2680,136.84942626953125,-1.2028720378875732,0.2506999969482422,3841929919370872832,136.80445861816406,-1.2512545585632324,0.2928062379360199,237.74990844726562,eFEDS J090713.1-011502,1011,136.80485046460973,-1.250761660080299,0.0,0.0,7.2654095e-14
eFEDS J084146.5+045612,2796,130.44381713867188,4.936850547790527,0.6357700228691101,582436701079734144,130.46807861328125,4.920525074005127,1.7721848487854004,104.99634552001953,eFEDS J084152.3+045510,12349,130.46831748788424,4.919565933048184,0.0,0.0,2.1204853e-14
eFEDS J084146.5+045612,2796,130.44381713867188,4.936850547790527,0.6357700228691101,582440274492705408,130.4067840576172,4.974637508392334,2.4264307022094727,190.12020874023438,eFEDS J084137.6+045829,5173,130.4067237966361,4.974986120613799,0.0,0.0,3.935279e-14
eFEDS J084146.5+045612,2796,130.44381713867188,4.936850547790527,0.6357700228691101,582440480650966912,130.4844207763672,4.990588188171387,0.858736515045166,242.14988708496094,eFEDS J084156.2+045928,6521,130.48448035882714,4.991185954226627,0.0,0.0,3.36551e-14
eFEDS J083940.8+010416,2832,129.9201202392578,1.0713541507720947,0.15707999467849731,3078383861986700544,129.9567108154297,1.0740934610366821,1.1327674388885498,132.0842742919922,eFEDS J083949.5+010427,124,129.9565795189297,1.0743092462921164,0.0,0.0,3.0589032e-13
eFEDS J083940.8+010416,2832,129.9201202392578,1.0713541507720947,0.15707999467849731,3078384033785408640,129.98728942871094,1.1064331531524658,0.5369142293930054,272.76531982421875,eFEDS J083956.8+010618,2903,129.987077110827,1.1050480428159508,0.0,0.0,4.1609172e-14
eFEDS J083940.8+010416,2832,129.9201202392578,1.0713541507720947,0.15707999467849731,3078431072267237248,129.9248046875,1.112643837928772,1.8270957469940186,149.59495544433594,eFEDS J083942.1+010640,9307,129.92560060433357,1.1112572365076496,0.0,0.0,2.0549002e-14
eFEDS J083940.8+010416,2832,129.9201202392578,1.0713541507720947,0.15707999467849731,3078431553303576832,129.86541748046875,1.116701602935791,1.605669379234314,255.76583862304688,eFEDS J083927.2+010700,7458,129.8633625327664,1.1169146184847025,0.0,0.0,2.4269942e-14
eFEDS J090452.4+033326,2931,136.21873474121094,3.5573511123657227,0.8084650039672852,578337893530230016,136.25111389160156,3.5814270973205566,0.9575212001800537,145.04624938964844,eFEDS J090500.2+033452,3241,136.25108252580884,3.5813606494482806,0.0,0.0,5.1565902e-14
eFEDS J090452.4+033326,2931,136.21873474121094,3.5573511123657227,0.8084650039672852,578339474078192896,136.19580078125,3.5784807205200195,1.2969326972961426,112.14305877685547,eFEDS J090446.8+033442,6608,136.1951496086915,3.5785330531764106,0.0,0.0,2.71001e-14
eFEDS J091320.3+032834,2977,138.33480834960938,3.4762744903564453,0.3991200029850006,578927644079428736,138.2724151611328,3.4655001163482666,3.3397324085235596,227.54025268554688,eFEDS J091305.4+032755,6221,138.27283554228833,3.465424573257501,0.0,0.0,3.0900185e-14
eFEDS J083345.8+004208,2984,128.44088745117188,0.7024608850479126,0.38447999954223633,3076993873130966400,128.430419921875,0.6280603408813477,6.013614654541016,270.47796630859375,eFEDS J083343.0+003740,5642,128.4293883496148,0.6279392852442037,0.0,0.0,3.068688e-14
eFEDS J092235.8-002443,3133,140.64939880371094,-0.41197073459625244,0.05538000166416168,3839292019177447296,140.60789489746094,-0.34975215792655945,2.6215975284576416,269.2431640625,eFEDS J092226.1-002057,20543,140.6087538789868,-0.34942648083138045,0.0,0.0,9.220193e-15
eFEDS J091433.8+022718,3159,138.64112854003906,2.4550416469573975,0.3160400092601776,3845287763457160448,138.62220764160156,2.3954193592071533,2.5021302700042725,225.156982421875,eFEDS J091429.6+022345,12138,138.62340554048242,2.3958568409706373,0.0,0.0,1.8105529e-14
eFEDS J090104.4+011643,3171,135.2686309814453,1.2788290977478027,0.2508050203323364,576699655564941952,135.30020141601562,1.2637661695480347,0.7777835726737976,125.86112976074219,eFEDS J090111.9+011547,24353,135.29980581864515,1.2630940849020933,0.0,0.0,8.6712135e-15
eFEDS J090601.0+000055,3259,136.50433349609375,0.01541216392070055,0.1997700035572052,3842931265225936896,136.5257568359375,0.028801510110497475,2.772242307662964,90.97168731689453,eFEDS J090606.1+000143,1682,136.52572873331312,0.02883385097172508,0.0,0.0,1.9559504e-14
eFEDS J084220.9+013844,3295,130.5874786376953,1.6457462310791016,0.4205400049686432,3078852906775123200,130.62652587890625,1.696892261505127,1.9726061820983887,231.611328125,eFEDS J084230.4+014151,4849,130.626729779131,1.69753029908156,0.0,0.0,3.8787173e-14
eFEDS J084307.1+002839,3336,130.7797088623047,0.47769156098365784,0.26381999254226685,3075289114712169984,130.77684020996094,0.5241090059280396,1.4438681602478027,167.42144775390625,eFEDS J084306.3+003124,7694,130.7766390098718,0.5233884001794545,0.0,0.0,2.6467169e-14
eFEDS J084412.6-020514,3396,131.05258178710938,-2.0874321460723877,0.38215500116348267,3072452275928179328,130.98983764648438,-2.1053898334503174,0.6032509207725525,234.81234741210938,eFEDS J084357.4-020617,9446,130.98955356549988,-2.104940676121535,0.0,0.0,6.918047e-14
eFEDS J092740.1-002922,3454,141.91709899902344,-0.4896988868713379,0.13798999786376953,3840552128222117632,141.99765014648438,-0.4845322072505951,0.3313537836074829,290.5686340332031,eFEDS J092759.4-002905,180,141.99767455579433,-0.4847432156458059,0.0,0.0,2.5993262e-13
eFEDS J085901.1-012025,3527,134.75473022460938,-1.3405512571334839,1.3012670278549194,5764365561757292288,134.73248291015625,-1.2862787246704102,2.60892391204834,211.14865112304688,eFEDS J085855.5-011712,8275,134.73166546507744,-1.2867047832508995,0.0,0.0,1.3813857e-14
eFEDS J085056.4+005607,3556,132.73541259765625,0.9353256821632385,0.29544001817703247,3075558018319752064,132.8161163330078,0.9412151575088501,1.6393464803695679,291.2571105957031,eFEDS J085115.6+005626,20776,132.8150720249879,0.940641928939655,0.0,0.0,1.3830186e-14
eFEDS J092928.3+042411,3563,142.367919921875,4.403184413909912,0.27819299697875977,3851772747462182784,142.43983459472656,4.419842720031738,2.849355936050415,264.9867248535156,eFEDS J092945.6+042514,15441,142.44023038734485,4.420790199205735,0.0,0.0,1.3677816e-14
eFEDS J085433.0+004009,3675,133.6375732421875,0.6692880988121033,0.10948000103235245,3074799935117128960,133.66400146484375,0.6951145529747009,0.4418129324913025,133.03274536132812,eFEDS J085439.3+004142,225,133.6640275564626,0.6951241702651592,0.0,0.0,2.3376944e-13
eFEDS J083929.0+043001,3677,129.87112426757812,4.500290393829346,0.2487500011920929,582392686255385216,129.94146728515625,4.464878082275391,2.2411048412323,282.8087463378906,eFEDS J083946.1+042751,13875,129.94212184789615,4.464379383921921,0.0,0.0,1.0932447e-14
eFEDS J083929.0+043001,3677,129.87112426757812,4.500290393829346,0.2487500011920929,582394541681260928,129.83518981933594,4.4682416915893555,5.673858642578125,173.0579071044922,eFEDS J083920.2+042805,5823,129.83444294015308,4.468220487012426,0.0,0.0,2.4337762e-14
eFEDS J083929.0+043001,3677,129.87112426757812,4.500290393829346,0.2487500011920929,582395748567256576,129.79226684570312,4.518929481506348,2.427703619003296,290.8354187011719,eFEDS J083910.6+043110,15823,129.79427885812424,4.519676191246216,0.0,0.0,1.4812958e-14
eFEDS J084151.3-003358,3706,130.4639892578125,-0.5661317706108093,0.2500999867916107,3074929436971262336,130.44371032714844,-0.5805298089981079,1.1665993928909302,89.51769256591797,eFEDS J084146.6-003447,3704,130.44418364239394,-0.5799334843125813,0.0,0.0,4.250149e-14
eFEDS J083137.9+004632,3725,127.90807342529297,0.775806188583374,0.29280000925064087,3077056957611358720,127.92713928222656,0.7953420281410217,1.387773036956787,98.2786865234375,eFEDS J083142.5+004742,4968,127.92721454530701,0.79520446938446,0.0,0.0,3.2462453e-14
eFEDS J091305.9+035021,3797,138.27471923828125,3.839360475540161,0.4561299979686737,578978157190652160,138.33602905273438,3.823856830596924,2.065361976623535,227.1798095703125,eFEDS J091320.9+034923,4928,138.3370933849687,3.8231880486508536,0.0,0.0,2.6177912e-14
eFEDS J082955.4+004131,3810,127.48099517822266,0.6921992301940918,0.9398549795150757,3077040224418380032,127.43001556396484,0.7058823704719543,2.271888494491577,190.03294372558594,eFEDS J082943.4+004220,23466,127.43098536210469,0.7055590951776122,0.0,0.0,1.2723525e-14
eFEDS J083503.2+010756,3874,128.76364135742188,1.1324794292449951,0.2957000136375427,3078544944735435904,128.82308959960938,1.080296277999878,0.4352010488510132,284.7387390136719,eFEDS J083517.3+010448,9267,128.82239003642508,1.080161870961618,0.0,0.0,2.1598532e-14
eFEDS J083834.1+020643,3905,129.6425018310547,2.1121270656585693,0.45688000321388245,3078750480395456384,129.57069396972656,2.0843923091888428,1.5749295949935913,276.9523620605469,eFEDS J083816.8+020501,5130,129.57004598172642,2.083629909357847,0.0,0.0,2.993601e-14
eFEDS J083834.1+020643,3905,129.6425018310547,2.1121270656585693,0.45688000321388245,3078750720913638016,129.5934600830078,2.109213352203369,0.7650001049041748,176.72569274902344,eFEDS J083822.4+020633,2910,129.59333350244933,2.109212713649451,0.0,0.0,4.989281e-14
eFEDS J083834.1+020643,3905,129.6425018310547,2.1121270656585693,0.45688000321388245,3079129537029831424,129.63902282714844,2.1648335456848145,0.5391373634338379,190.15591430664062,eFEDS J083833.3+020950,1831,129.63907323166256,2.164123002112454,0.0,0.0,7.549045e-14
eFEDS J090811.6-014811,3984,137.04864501953125,-1.803217887878418,0.03999999910593033,5763200113791528064,137.109375,-1.8066211938858032,1.5771312713623047,218.84458923339844,eFEDS J090826.2-014823,3757,137.1092527780617,-1.8065843077416301,0.0,0.0,2.6380165e-14
eFEDS J092859.0+040532,4029,142.24615478515625,4.092271327972412,0.25874000787734985,3851757354299334528,142.2707977294922,4.124451637268066,2.3501675128936768,145.75839233398438,eFEDS J092904.9+040723,9859,142.27054347770732,4.123226026111079,0.0,0.0,2.1935699e-14
eFEDS J085805.0+010906,4070,134.52090454101562,1.1516741514205933,0.07123000174760818,576795622314100224,134.5109405517578,1.0989768505096436,4.021154880523682,193.06402587890625,eFEDS J085802.6+010554,7351,134.5108616880315,1.0984236079775929,0.0,0.0,2.606084e-14
eFEDS J085805.0+010906,4070,134.52090454101562,1.1516741514205933,0.07123000174760818,576797065424836224,134.47409057617188,1.1617416143417358,2.4399168491363525,172.36326599121094,eFEDS J085753.6+010941,12709,134.47362503090216,1.1616416016025586,0.0,0.0,1.8383342e-14
eFEDS J091851.7+021432,4105,139.7155303955078,2.2423288822174072,0.2831900119781494,3845162139958565632,139.7024383544922,2.2227354049682617,0.5319082140922546,84.80783081054688,eFEDS J091848.6+021323,995,139.70259910609644,2.223184568072146,0.0,0.0,8.744366e-14
eFEDS J090248.5+044005,4121,135.7022247314453,4.668105125427246,0.22600999474525452,580153943141904896,135.7323455810547,4.729916572570801,2.5728139877319336,247.35841369628906,eFEDS J090255.7+044346,3026,135.73217666465666,4.729613234527429,0.0,0.0,4.9620803e-14
eFEDS J091957.7+035012,4131,139.99075317382812,3.836909294128418,0.5248749852180481,3845902283083192192,139.97947692871094,3.7588205337524414,0.649083137512207,284.02484130859375,eFEDS J091954.8+034531,5139,139.97850949168244,3.7587933908800646,0.0,0.0,3.0446738e-14
eFEDS J092136.4-001449,4168,140.40199279785156,-0.24707050621509552,0.3126699924468994,3842311724783062656,140.39366149902344,-0.18095453083515167,0.8484466671943665,239.8990478515625,eFEDS J092134.4-001055,3651,140.3935943524034,-0.18196339537445322,0.0,0.0,4.651669e-14
eFEDS J092136.4-001449,4168,140.40199279785156,-0.24707050621509552,0.3126699924468994,3839307927735571200,140.47525024414062,-0.25210514664649963,1.0401149988174438,264.3123474121094,eFEDS J092154.0-001511,14046,140.4753777069075,-0.25311187639348404,0.0,0.0,1.9734977e-14
eFEDS J082820.5-000721,4169,127.08555603027344,-0.12275166064500809,0.8449000120162964,3076876603344025088,127.0431137084961,-0.1265452653169632,2.596841812133789,153.40904235839844,eFEDS J082810.3-000735,11590,127.0430636646297,-0.1265263813072203,0.0,0.0,2.4285971e-14
eFEDS J092832.4+041517,4192,142.13539123535156,4.254761219024658,0.44020000100135803,3851762439540975232,142.13218688964844,4.1958327293396,1.2564724683761597,212.45497131347656,eFEDS J092831.6+041143,7659,142.1317356876611,4.195522785677308,0.0,0.0,2.3644664e-14
eFEDS J092832.4+041517,4192,142.13539123535156,4.254761219024658,0.44020000100135803,3851764642859016320,142.2159881591797,4.275030612945557,0.508773684501648,298.3962097167969,eFEDS J092851.8+041629,69,142.2159777208341,4.274862453492721,0.0,0.0,4.726224e-13
eFEDS J085830.0-010656,4297,134.6251220703125,-1.1157293319702148,0.22407999634742737,5764387758148392960,134.67881774902344,-1.1651990413665771,2.5296378135681152,262.8056640625,eFEDS J085842.9-010956,4446,134.6788964526736,-1.1656045011543918,0.0,0.0,2.881127e-14
eFEDS J090255.5+044036,4348,135.73165893554688,4.676731109619141,0.484140008687973,580153943141904896,135.7323455810547,4.729916572570801,2.5728139877319336,191.48190307617188,eFEDS J090255.7+044346,3026,135.73217666465666,4.729613234527429,0.0,0.0,4.9620803e-14
eFEDS J093520.7+003448,4394,143.8362579345703,0.5801587700843811,0.35482001304626465,3841051237781416064,143.7654266357422,0.5434197783470154,0.4117424488067627,287.2536926269531,eFEDS J093503.7+003236,7736,143.76546880523773,0.5435957146201642,0.0,0.0,2.793127e-14
eFEDS J083802.9+015626,4511,129.51242065429688,1.9407434463500977,0.3596299886703491,3078742062259499648,129.46031188964844,1.9751651287078857,0.7995420098304749,224.7286376953125,eFEDS J083750.3+015836,13104,129.45972057746988,1.976775124894174,0.0,0.0,1.4499895e-14
eFEDS J085950.1-001221,4539,134.95895385742188,-0.2058354616165161,0.42656999826431274,5764603743464079488,134.93666076660156,-0.1690249890089035,0.6443787813186646,154.9031219482422,eFEDS J085944.7-001013,5685,134.93663641877848,-0.17053195223047052,0.0,0.0,2.452364e-14
eFEDS J093056.9+034825,4579,142.73724365234375,3.807220458984375,0.08998499810695648,3850973235005306624,142.71522521972656,3.835991144180298,1.9342740774154663,130.32249450683594,eFEDS J093051.5+035008,16278,142.714664563105,3.8358278389555522,0.0,0.0,1.244372e-14
eFEDS J083435.6+050159,4593,128.6484375,5.033151149749756,0.0908150002360344,3092544953279415680,128.68820190429688,5.073098182678223,2.434501886367798,202.5337677001953,eFEDS J083445.0+050425,7906,128.6875541690277,5.073846070303652,0.0,0.0,1.25571084e-14
eFEDS J094005.9+031329,4689,145.02459716796875,3.2247259616851807,0.4699769914150238,3847741731676246528,144.99742126464844,3.3023974895477295,1.2477418184280396,296.1904602050781,eFEDS J093959.1+031808,3216,144.9962621431826,3.3023831881788985,0.0,0.0,6.868239e-14
eFEDS J084759.1+014903,4709,131.99655151367188,1.8177663087844849,0.5763400197029114,3075900752415445248,132.04661560058594,1.8106688261032104,2.6500251293182373,181.94007873535156,eFEDS J084811.4+014838,27827,132.04755689290428,1.8106676593189692,0.0,0.0,9.63772e-15
eFEDS J084459.2-011902,4768,131.2470703125,-1.3173893690109253,0.4473850131034851,3074068794243595648,131.25267028808594,-1.263586401939392,0.7632181644439697,194.73480224609375,eFEDS J084500.7-011552,17664,131.25312336154408,-1.2646802819113971,0.0,0.0,1.0635459e-14
eFEDS J090327.2+032545,4771,135.86337280273438,3.429354667663574,0.3641499876976013,578307317658040832,135.81752014160156,3.376417398452759,5.073215007781982,251.9178924560547,eFEDS J090316.1+032236,17078,135.81738628107323,3.376679224212146,0.0,0.0,1.2872532e-14
eFEDS J082808.7-001003,4800,127.0366439819336,-0.1677151918411255,0.07615499943494797,3076876603344025088,127.0431137084961,-0.1265452653169632,2.596841812133789,150.02879333496094,eFEDS J082810.3-000735,11590,127.0430636646297,-0.1265263813072203,0.0,0.0,2.4285971e-14
eFEDS J084001.6+042452,4839,130.00701904296875,4.414510726928711,0.258994996547699,582392686255385216,129.94146728515625,4.464878082275391,2.2411048412323,297.0703430175781,eFEDS J083946.1+042751,13875,129.94212184789615,4.464379383921921,0.0,0.0,1.0932447e-14
eFEDS J084246.9-000917,4861,130.6956024169922,-0.15477128326892853,0.42017999291419983,3074970187620013696,130.65357971191406,-0.1608845442533493,2.8562099933624268,152.8833770751953,eFEDS J084236.8-000936,6783,130.6533389715974,-0.16018427057982626,0.0,0.0,2.1217967e-14
eFEDS J093231.0+010617,4873,143.1293182373047,1.1049702167510986,0.6440100073814392,3841328387726153600,143.14405822753906,1.0883800983428955,2.7544727325439453,79.90499114990234,eFEDS J093234.4+010515,4874,143.14347830740383,1.0875384966119106,0.0,0.0,1.4102683e-14
eFEDS J092740.1+042038,4999,141.9173126220703,4.344021320343018,0.2750000059604645,3851813979148611712,141.955322265625,4.317919731140137,2.6580636501312256,165.66632080078125,eFEDS J092749.3+041904,24733,141.95567111796802,4.317948581759703,0.0,0.0,8.939073e-15
eFEDS J092910.2+022034,5092,142.29251098632812,2.3428831100463867,0.44009000062942505,3844602557259562752,142.3289337158203,2.279233694076538,2.589210033416748,263.94732666015625,eFEDS J092918.8+021646,8070,142.3286021956547,2.279476986369945,0.0,0.0,2.1750742e-14
eFEDS J091648.1+030506,5300,139.20068359375,3.0850884914398193,0.6200699806213379,3845480379855165056,139.14019775390625,3.070760726928711,2.0148305892944336,223.44821166992188,eFEDS J091633.6+030414,14997,139.14003483736784,3.070625714539534,0.0,0.0,1.6430864e-14
eFEDS J092022.8+045012,5320,140.09536743164062,4.836938381195068,0.2701900005340576,579476609620222336,140.1514892578125,4.873635292053223,0.34133100509643555,240.77691650390625,eFEDS J092036.2+045226,9554,140.15114287605348,4.874017042989594,0.0,0.0,3.174101e-14
eFEDS J092246.4+042424,5348,140.69357299804688,4.406722545623779,0.3462899923324585,3846042848772510336,140.7043914794922,4.357699871063232,0.3514254689216614,180.7019805908203,eFEDS J092249.0+042129,1047,140.70423325029657,4.358084852939888,0.0,0.0,7.194627e-14
eFEDS J092246.4+042424,5348,140.69357299804688,4.406722545623779,0.3462899923324585,3846046319106110976,140.65017700195312,4.397709369659424,1.2010843753814697,159.06227111816406,eFEDS J092235.9+042349,5391,140.64995148910592,4.397017794079424,0.0,0.0,2.8682125e-14
eFEDS J083914.7-021226,5360,129.8116455078125,-2.2073497772216797,0.18672999739646912,3072399533730114688,129.76663208007812,-2.248983383178711,2.6068546772003174,220.66619873046875,eFEDS J083904.0-021459,8114,129.7667387656256,-2.249884909253206,0.0,0.0,2.7514954e-14
eFEDS J085438.5+001211,5390,133.6608123779297,0.2031889259815216,0.17754501104354858,3074698917486127616,133.595703125,0.1982191503047943,2.4234323501586914,235.08175659179688,eFEDS J085423.0+001155,17146,133.5961284199834,0.19878135068371997,0.0,0.0,1.1901894e-14
eFEDS J085438.5+001211,5390,133.6608123779297,0.2031889259815216,0.17754501104354858,3074699059221800320,133.64512634277344,0.1952437162399292,2.0786099433898926,63.331172943115234,eFEDS J085435.0+001141,5389,133.64585071521043,0.19480313747478945,0.0,0.0,2.4198466e-14
eFEDS J085438.5+001211,5390,133.6608123779297,0.2031889259815216,0.17754501104354858,3074701872423005184,133.71554565429688,0.19814741611480713,0.5402382016181946,197.83572387695312,eFEDS J085451.7+001153,966,133.71579530218708,0.1981972491946995,0.0,0.0,9.7143634e-14
eFEDS J084021.6-022948,5406,130.09011840820312,-2.496718645095825,0.1836169958114624,3072327824956407552,130.0704345703125,-2.5634264945983887,0.4721401631832123,250.35366821289062,eFEDS J084016.7-023346,634,130.06962937043193,-2.5628170217198383,0.0,0.0,1.3095177e-13
eFEDS J083149.4+005230,5463,127.95594787597656,0.8750684261322021,0.3975600004196167,3077062798767111168,128.03384399414062,0.8575443625450134,1.3451491594314575,287.4316101074219,eFEDS J083208.4+005122,15607,128.0350796184771,0.8562542355674121,0.0,0.0,8.802954e-15
eFEDS J090255.2+030220,5489,135.73004150390625,3.0389490127563477,0.20021000504493713,577541915831393024,135.796875,3.056823968887329,1.5937045812606812,248.7162322998047,eFEDS J090311.3+030326,4946,135.7973283031871,3.0574614519491274,0.0,0.0,3.618432e-14
eFEDS J090255.2+030220,5489,135.73004150390625,3.0389490127563477,0.20021000504493713,578292607394824320,135.77685546875,3.0802698135375977,0.6442087292671204,224.60739135742188,eFEDS J090306.4+030448,537,135.77670731096023,3.0802381681313813,0.0,0.0,1.4333298e-13
eFEDS J091139.3-014144,5511,137.9141387939453,-1.695784568786621,0.5893750190734863,3841679505597838080,137.89662170410156,-1.6434706449508667,3.2295234203338623,198.59127807617188,eFEDS J091134.8-013833,19018,137.89534859296737,-1.642615109448775,0.0,0.0,9.948501e-15
eFEDS J085541.2+002740,5589,133.92189025878906,0.461149126291275,0.16975000500679016,3074733998778518400,133.93026733398438,0.48569247126579285,1.5227879285812378,93.36456298828125,eFEDS J085543.4+002907,6676,133.93120147402175,0.4855333021016362,0.0,0.0,2.8035623e-14
eFEDS J084129.0+002645,5591,130.370849609375,0.44601207971572876,0.40213000774383545,3075331239750734464,130.2989044189453,0.4708768427371979,0.46847444772720337,273.9877624511719,eFEDS J084111.8+002812,992,130.2993970435901,0.4702333250666508,0.0,0.0,1.0841114e-13
eFEDS J085626.2+021348,5697,134.10940551757812,2.230242967605591,0.12473999708890915,577806829413905920,134.09329223632812,2.2633652687072754,1.6296888589859009,132.5814666748047,eFEDS J085622.2+021546,5116,134.09262553690976,2.2630032969966436,0.0,0.0,4.1110998e-14
eFEDS J092037.0-011506,5739,140.15447998046875,-1.2518506050109863,0.15387000143527985,3839091014706972800,140.12799072265625,-1.2468211650848389,1.472129464149475,97.08454895019531,eFEDS J092030.7-011449,5738,140.12824780758078,-1.2470677865617914,0.0,0.0,1.9401385e-14
eFEDS J092037.0-011506,5739,140.15447998046875,-1.2518506050109863,0.15387000143527985,3839091255226015872,140.0798797607422,-1.2697111368179321,1.9960838556289673,276.0896911621094,eFEDS J092019.4-011617,14305,140.08088909016305,-1.2715770454497561,0.0,0.0,7.6728225e-15
eFEDS J092037.0-011506,5739,140.15447998046875,-1.2518506050109863,0.15387000143527985,3839093557327623808,140.1174774169922,-1.205443024635315,2.0178062915802,213.65786743164062,eFEDS J092028.5-011216,24135,140.11905221132724,-1.2046644292686726,0.0,0.0,8.745808e-15
eFEDS J085327.2-002117,6003,133.3633575439453,-0.35491108894348145,0.19253000617027283,3074393974808426112,133.38291931152344,-0.3856716454029083,1.8635642528533936,131.2368927001953,eFEDS J085331.6-002313,4398,133.38167097497012,-0.3872200091741354,0.0,0.0,3.9361675e-14
eFEDS J083858.5-015032,6026,129.74411010742188,-1.8423829078674316,0.13473999500274658,3073185886407209344,129.71731567382812,-1.900572657585144,0.39202678203582764,230.6057586669922,eFEDS J083852.0-015402,6797,129.7168599964884,-1.900624693893107,0.0,0.0,2.7013817e-14
eFEDS J093742.8+033841,6038,144.428466796875,3.6449663639068604,0.6195622682571411,3850784389588539648,144.40380859375,3.658565044403076,2.0030012130737305,101.21376037597656,eFEDS J093737.1+033929,26948,144.4046758367356,3.658079184834835,0.0,0.0,9.9239845e-15
eFEDS J093742.8+033841,6038,144.428466796875,3.6449663639068604,0.6195622682571411,3850784939344200832,144.45196533203125,3.7084760665893555,1.4719871282577515,243.72584533691406,eFEDS J093748.5+034232,7635,144.4521516082795,3.709126148274364,0.0,0.0,2.3092271e-14
eFEDS J085030.5+003330,6125,132.62718200683594,0.5584388375282288,0.19171999394893646,3075435006160685824,132.59933471679688,0.49805063009262085,3.150538444519043,239.39109802246094,eFEDS J085023.8+002951,23426,132.59947165007657,0.4975805804779418,0.0,0.0,1.4458676e-14
eFEDS J085030.5+003330,6125,132.62718200683594,0.5584388375282288,0.19171999394893646,3075444665542942720,132.69068908691406,0.5830593705177307,0.4482986629009247,245.19140625,eFEDS J085045.8+003456,22858,132.69110149375354,0.5823535077839839,0.0,0.0,1.14902975e-14
eFEDS J091612.9-015839,6129,139.0540008544922,-1.9775786399841309,0.15986499190330505,3838646056095938176,139.11233520507812,-1.981985330581665,1.476805567741394,210.50973510742188,eFEDS J091627.0-015853,5875,139.1125205150177,-1.9816643385991421,0.0,0.0,2.9708854e-14
eFEDS J091439.5-014416,6130,138.66482543945312,-1.7379777431488037,0.484125018119812,3841711941191097856,138.59312438964844,-1.7113033533096313,2.364701747894287,275.3280029296875,eFEDS J091422.7-014235,15854,138.59467670724646,-1.7098548061787844,0.0,0.0,1.8671733e-14
eFEDS J091439.5-014416,6130,138.66482543945312,-1.7379777431488037,0.484125018119812,3841713453019590144,138.6138153076172,-1.698195219039917,1.0902503728866577,232.81869506835938,eFEDS J091427.4-014152,4970,138.61427292569047,-1.6978711460365317,0.0,0.0,3.0455635e-14
eFEDS J083817.4+041821,6136,129.57272338867188,4.306044101715088,0.21142999827861786,3080381537175576832,129.60247802734375,4.255673885345459,1.4275449514389038,210.47311401367188,eFEDS J083824.7+041521,4761,129.6029611843266,4.255871189243392,0.0,0.0,4.008119e-14
eFEDS J083817.5-021704,6195,129.57322692871094,-2.2845406532287598,0.5654950141906738,3072401762818705920,129.61341857910156,-2.2494499683380127,1.578507900238037,191.99815368652344,eFEDS J083827.2-021450,18841,129.61371380980043,-2.247297284720991,0.0,0.0,1.2960682e-14
eFEDS J091509.5+051521,6244,138.78968811035156,5.255953788757324,0.24865500628948212,579774439831586560,138.76998901367188,5.262265682220459,1.7514809370040894,74.14802551269531,eFEDS J091505.0+051539,6791,138.77089161095776,5.260933252266776,0.0,0.0,2.7161848e-14
eFEDS J093709.7+014143,6251,144.2908172607422,1.6954296827316284,0.3774619996547699,3847292340658855424,144.21975708007812,1.7244417667388916,0.43655917048454285,276.2249755859375,eFEDS J093652.7+014328,127,144.21984205312222,1.7246201789570559,0.0,0.0,3.224393e-13
eFEDS J085728.3+032354,6278,134.3679656982422,3.3983519077301025,0.19971999526023865,578458053830736640,134.348388671875,3.3422586917877197,0.424099326133728,213.82992553710938,eFEDS J085723.4+032032,2257,134.34787882536037,3.3422764491429957,0.0,0.0,4.9469658e-14
eFEDS J083757.1-014217,6303,129.48802185058594,-1.7049286365509033,0.8545650243759155,3073250074694012032,129.45144653320312,-1.71255362033844,1.6061198711395264,134.44586181640625,eFEDS J083748.1-014243,7990,129.45079465062625,-1.7120424461788881,0.0,0.0,2.1503468e-14
eFEDS J083757.1-014217,6303,129.48802185058594,-1.7049286365509033,0.8545650243759155,3073251174206476928,129.4104766845703,-1.676589846611023,1.1607824563980103,297.09814453125,eFEDS J083738.6-014035,1111,129.41094422068022,-1.6764507292162076,0.0,0.0,4.9857918e-14
eFEDS J093544.2-000339,6324,143.93421936035156,-0.06087626516819,0.34742000699043274,3840244402404846336,143.9590301513672,-0.019997894763946533,2.6493639945983887,172.15126037597656,eFEDS J093550.3-000113,1762,143.95975620667213,-0.020369362892947423,0.0,0.0,2.3964095e-14
eFEDS J090718.6+035258,6439,136.82777404785156,3.8828725814819336,0.7287499904632568,579873670755805184,136.76498413085938,3.8953335285186768,1.584808111190796,229.9501953125,eFEDS J090703.6+035343,1373,136.76516774495354,3.8955079960039583,0.0,0.0,7.868727e-14
eFEDS J092105.0+004452,6459,140.27098083496094,0.7479990124702454,0.15887999534606934,3843920104136060672,140.31797790527344,0.6928148865699768,1.808010220527649,260.9410705566406,eFEDS J092116.5+004135,10621,140.31889156308785,0.6931372960431389,0.0,0.0,8.589105e-15
eFEDS J092037.9+033528,6467,140.1580352783203,3.5912587642669678,0.3624350130558014,3845846379789009792,140.15147399902344,3.5227720737457275,1.192313313484192,247.67417907714844,eFEDS J092036.2+033117,10303,140.15098278057917,3.521401003026801,0.0,0.0,2.0183935e-14
eFEDS J090806.9+042351,6554,137.0289306640625,4.397726058959961,0.20465999841690063,579987126611919360,137.09461975097656,4.416043281555176,0.38092952966690063,244.8389129638672,eFEDS J090823.0+042456,11264,137.09622141270552,4.41579932937631,0.0,0.0,1.8404923e-14
eFEDS J092918.3+044925,6602,142.32659912109375,4.823740005493164,0.35243499279022217,3851941316339314944,142.40696716308594,4.826949119567871,2.8723926544189453,288.5311279296875,eFEDS J092937.6+044932,23165,142.4069226564254,4.8256140769431495,0.0,0.0,9.976616e-15
eFEDS J092918.3+044925,6602,142.32659912109375,4.823740005493164,0.35243499279022217,3851945680026052352,142.2997283935547,4.8936638832092285,2.390929937362671,269.54583740234375,eFEDS J092912.1+045338,5880,142.30054055779146,4.894100250708046,0.0,0.0,2.2457727e-14
eFEDS J092918.3+044925,6602,142.32659912109375,4.823740005493164,0.35243499279022217,3851945783105307648,142.28994750976562,4.895040988922119,1.5843266248703003,288.3928527832031,eFEDS J092909.7+045342,5879,142.29057401224574,4.895139138951169,0.0,0.0,1.5171312e-14
eFEDS J084124.7+004636,6605,130.35296630859375,0.7767779231071472,0.4074999988079071,3075358177786724992,130.34378051757812,0.8088275790214539,2.3013477325439453,120.02577209472656,eFEDS J084122.7+004829,6606,130.3448233912975,0.8082110006928563,0.0,0.0,1.7814846e-14
eFEDS J085204.5+012132,6636,133.01878356933594,1.3590304851531982,0.4014500081539154,3075597463298983936,133.0648193359375,1.2927106618881226,2.2524328231811523,290.597900390625,eFEDS J085215.8+011734,18839,133.06615243242646,1.2928738537258977,0.0,0.0,1.6639105e-14
eFEDS J092522.1-013148,6653,141.34228515625,-1.5301300287246704,0.4447399973869324,3838911072757620480,141.36114501953125,-1.4915261268615723,2.79046630859375,154.65933227539062,eFEDS J092526.6-012925,14384,141.3611166523052,-1.4903207747394611,0.0,0.0,7.919443e-15
eFEDS J084647.4+044607,6656,131.69754028320312,4.768754005432129,0.2446269989013672,582290401608805888,131.67245483398438,4.805073261260986,1.7153974771499634,158.7332000732422,eFEDS J084641.0+044824,22559,131.67106946172044,4.806807062921938,0.0,0.0,1.5851307e-14
eFEDS J092312.0+000355,6657,140.80030822753906,0.06550614535808563,0.32141000032424927,3840820271620103680,140.7275848388672,0.03974228724837303,1.6709233522415161,277.74932861328125,eFEDS J092254.5+000223,3612,140.72727216590835,0.03998247872621962,0.0,0.0,3.8123486e-14
eFEDS J092039.1+004725,6669,140.1631622314453,0.7904320955276489,0.4715299904346466,3843923849347629440,140.19036865234375,0.7225722074508667,2.221194267272949,263.19281005859375,eFEDS J092045.7+004319,2764,140.19070086372327,0.7221261457609712,0.0,0.0,4.8639305e-14
eFEDS J085517.2+013508,6746,133.8219451904297,1.5856961011886597,0.3237900137901306,577602182812906240,133.78733825683594,1.5203745365142822,1.0357481241226196,266.1025695800781,eFEDS J085508.8+013113,6086,133.78704230112123,1.520430962612327,0.0,0.0,2.9087e-14
eFEDS J085517.2+013508,6746,133.8219451904297,1.5856961011886597,0.3237900137901306,577602599424700544,133.81784057617188,1.5434246063232422,0.9598491787910461,152.89385986328125,eFEDS J085516.3+013236,2828,133.81819132660303,1.5433886555213077,0.0,0.0,5.361913e-14
eFEDS J083315.5+000623,6869,128.3147735595703,0.10650862753391266,0.47009000182151794,3076760299925182336,128.2843475341797,0.07850240916013718,0.4774608016014099,148.85794067382812,eFEDS J083308.4+000437,3182,128.28524574763176,0.07717084591169907,0.0,0.0,3.8943305e-14
eFEDS J092648.0+050124,6875,141.7001953125,5.023434638977051,0.4543749988079071,3852149231410867840,141.6918487548828,5.072366714477539,1.6917551755905151,178.6756134033203,eFEDS J092646.1+050424,22652,141.6922833908374,5.0733440523100555,0.0,0.0,8.450688e-15
eFEDS J090119.0+030204,7017,135.32937622070312,3.0344648361206055,0.19260500371456146,578206398811348864,135.3057861328125,3.0229625701904297,1.8010656833648682,94.40650177001953,eFEDS J090112.9+030126,7016,135.3039563666715,3.023911462491626,0.0,0.0,2.9223667e-14
eFEDS J092502.6+022612,7060,141.26083374023438,2.4367096424102783,0.39013001322746277,3844748792306580992,141.32513427734375,2.38761305809021,2.3921735286712646,291.0736999511719,eFEDS J092518.0+022314,20020,141.32540702918914,2.3872664092434053,0.0,0.0,1.0877999e-14
eFEDS J090636.9+010852,7086,136.65415954589844,1.147890329360962,0.7858399748802185,3843635399344292096,136.5938720703125,1.2044291496276855,1.724708080291748,297.5102233886719,eFEDS J090622.4+011218,8150,136.59344126402212,1.2050621133880972,0.0,0.0,2.4522724e-14
eFEDS J093456.1+031518,7091,143.7339630126953,3.25515079498291,0.08505865186452866,3850695294786344064,143.74887084960938,3.3134043216705322,1.3888955116271973,216.44346618652344,eFEDS J093459.5+031844,7744,143.7481180691575,3.312441101796969,0.0,0.0,2.0342374e-14
eFEDS J092821.1+041941,7167,142.0880126953125,4.3282952308654785,0.15727999806404114,3851811161650049408,142.01321411132812,4.297380447387695,4.598556041717529,290.66876220703125,eFEDS J092803.1+041747,6538,142.01296059953205,4.296660632810854,0.0,0.0,3.1114976e-14
eFEDS J092821.1+041941,7167,142.0880126953125,4.3282952308654785,0.15727999806404114,3851813360673575808,142.10330200195312,4.381392955780029,1.1645081043243408,198.88043212890625,eFEDS J092825.0+042249,667,142.1043266479088,4.380278382710918,0.0,0.0,5.707937e-14
eFEDS J092821.1+041941,7167,142.0880126953125,4.3282952308654785,0.15727999806404114,3851816143812176768,142.03985595703125,4.376925945281982,0.7909687161445618,246.03656005859375,eFEDS J092809.3+042236,15105,142.03884123098493,4.376787809499847,0.0,0.0,1.6653049e-14
eFEDS J092821.1+041941,7167,142.0880126953125,4.3282952308654785,0.15727999806404114,3851816556129047808,142.05438232421875,4.3943657875061035,0.2386496216058731,266.7216796875,eFEDS J092813.0+042339,263,142.054526652048,4.394193294640267,0.0,0.0,2.29534e-13
eFEDS J091858.0+024946,7194,139.74180603027344,2.82954478263855,0.1987999975681305,3845414684035970432,139.73902893066406,2.8681936264038086,2.8498589992523193,139.49453735351562,eFEDS J091857.3+025205,1908,139.73884739340605,2.8680562646846375,0.0,0.0,5.2997185e-14
eFEDS J091858.0+024946,7194,139.74180603027344,2.82954478263855,0.1987999975681305,3845414787115193984,139.7501678466797,2.87760591506958,1.2673715353012085,175.61468505859375,eFEDS J091900.0+025236,1907,139.7504142640586,2.8768154286370895,0.0,0.0,5.065954e-14
eFEDS J083945.5+031556,7213,129.93959045410156,3.265655994415283,0.4249500036239624,3080058452555913472,129.92398071289062,3.218923568725586,1.4785345792770386,177.3430633544922,eFEDS J083941.9+031305,19353,129.92464924630332,3.2181683430695247,0.0,0.0,9.382931e-15
eFEDS J083945.5+031556,7213,129.93959045410156,3.265655994415283,0.4249500036239624,3080060174838307584,129.99375915527344,3.2631397247314453,1.378448724746704,194.91189575195312,eFEDS J083958.4+031548,1134,129.99362806709985,3.263347821631524,0.0,0.0,5.0567125e-14
eFEDS J083945.5+031556,7213,129.93959045410156,3.265655994415283,0.4249500036239624,3080064671668586240,129.95498657226562,3.331627607345581,0.8027358055114746,243.85995483398438,eFEDS J083949.4+031952,3494,129.9561005127732,3.331302966690263,0.0,0.0,4.0214234e-14
eFEDS J085141.9+021438,7280,132.92481994628906,2.24403715133667,0.10681000351905823,577898368052685696,132.97669982910156,2.2425267696380615,0.2914448082447052,186.67251586914062,eFEDS J085154.4+021434,6530,132.976939139206,2.2428112528325914,0.0,0.0,3.3789062e-14
eFEDS J085141.9+021438,7280,132.92481994628906,2.24403715133667,0.10681000351905823,577898849088759808,132.9676055908203,2.2875826358795166,0.1274602860212326,219.6782684326172,eFEDS J085152.0+021715,11030,132.9669109706157,2.2876663833360666,0.0,0.0,1.6815911e-14
eFEDS J085141.9+021438,7280,132.92481994628906,2.24403715133667,0.10681000351905823,577901426069152512,132.88095092773438,2.28360652923584,3.69523024559021,212.6020050048828,eFEDS J085131.2+021659,12449,132.8802456578977,2.283073912464652,0.0,0.0,2.1254474e-14
eFEDS J085128.4+011501,7355,132.86851501464844,1.2505131959915161,0.19726000726222992,3075643574068230784,132.8953399658203,1.287000060081482,0.5654199719429016,163.01171875,eFEDS J085134.8+011708,8001,132.89535384843654,1.285760827925089,0.0,0.0,2.9633207e-14
eFEDS J083228.0-000656,7396,128.116943359375,-0.11566440761089325,0.42146000266075134,3076750365665110912,128.1809844970703,-0.1107124388217926,2.9118764400482178,231.25962829589844,eFEDS J083243.6-000642,15102,128.1817600242279,-0.1118890346089227,0.0,0.0,1.1543635e-14
eFEDS J092135.4+005128,7447,140.3976593017578,0.8579792380332947,0.48848000168800354,3843950345000959488,140.3551788330078,0.8820955157279968,0.839886486530304,175.8649139404297,eFEDS J092125.3+005259,7170,140.35567392229024,0.8832756590555128,0.0,0.0,9.971232e-15
eFEDS J083840.6-004134,7463,129.6693572998047,-0.6930151581764221,0.4623900055885315,3073609340117310720,129.69894409179688,-0.6521523594856262,5.676477432250977,181.6063232421875,eFEDS J083847.7-003905,2058,129.69909710228555,-0.6514842038801993,0.0,0.0,6.345355e-14
eFEDS J092333.1-001917,7637,140.88792419433594,-0.32160282135009766,0.8130379915237427,3839296589022103680,140.89218139648438,-0.24029773473739624,2.2332406044006348,293.1002197265625,eFEDS J092334.1-001425,3115,140.89221899688155,-0.24030530998821098,0.0,0.0,4.576955e-14
eFEDS J083937.8+014631,7652,129.9079132080078,1.775363802909851,0.3886300027370453,3078678050066442752,129.86306762695312,1.72994863986969,1.6962515115737915,229.7115020751953,eFEDS J083927.2+014345,3475,129.8635453725833,1.729209214895993,0.0,0.0,4.2463703e-14
eFEDS J084051.7+014122,7662,130.21556091308594,1.6895411014556885,0.4113599956035614,3078474090659944576,130.25436401367188,1.6180038452148438,1.1932528018951416,292.9617919921875,eFEDS J084101.1+013704,3135,130.25482627483396,1.617915957992551,0.0,0.0,4.6429e-14
eFEDS J083916.7-020552,7669,129.8197479248047,-2.0979366302490234,0.2685000002384186,3072428941371798784,129.79629516601562,-2.041398048400879,3.8657851219177246,220.33419799804688,eFEDS J083911.2-020229,146,129.79672382598307,-2.0414890751134833,0.0,0.0,3.0419135e-13
eFEDS J083916.7-020552,7669,129.8197479248047,-2.0979366302490234,0.2685000002384186,3072428980025878912,129.8154754638672,-2.046379327774048,0.5797340869903564,186.2454071044922,eFEDS J083915.5-020246,147,129.81480622367084,-2.0462333458877895,0.0,0.0,4.801226e-14
eFEDS J092941.7+023026,7770,142.423828125,2.507232189178467,0.5437600016593933,3844624375694263936,142.38473510742188,2.4784061908721924,2.5279085636138916,174.7266082763672,eFEDS J092931.9+022839,11431,142.3829523602999,2.477596481061934,0.0,0.0,1.6220583e-14
eFEDS J084905.3+021435,7831,132.27230834960938,2.243272304534912,0.39542001485824585,3075956483910383616,132.2017822265625,2.266119956970215,1.0353349447250366,266.6589050292969,eFEDS J084848.4+021557,15479,132.2020652319576,2.2660292224252787,0.0,0.0,1.387851e-14
eFEDS J085740.1-020037,7884,134.41725158691406,-2.0103225708007812,0.7169600129127502,5763743379909996928,134.46957397460938,-2.070723533630371,0.9541960954666138,287.6332092285156,eFEDS J085752.6-020414,716,134.46955640599484,-2.0706496814661794,0.0,0.0,5.9296636e-14
eFEDS J091609.4+013519,8107,139.03932189941406,1.5888243913650513,0.4536600112915039,3845021368110352768,138.9863739013672,1.620441198348999,0.6880100965499878,221.93466186523438,eFEDS J091556.6+013710,9534,138.98610511001357,1.6196879789921306,0.0,0.0,2.1841993e-14
eFEDS J083840.3+044416,8186,129.66815185546875,4.738028526306152,0.4553700089454651,582462230366144768,129.5994110107422,4.741309642791748,0.7752243876457214,246.87232971191406,eFEDS J083823.6+044427,2167,129.59844457761264,4.741099047407544,0.0,0.0,4.3748615e-14
eFEDS J083840.3+044416,8186,129.66815185546875,4.738028526306152,0.4553700089454651,582463432957035904,129.60861206054688,4.793881893157959,0.49898988008499146,293.31793212890625,eFEDS J083826.0+044737,221,129.60839840810144,4.793841212644674,0.0,0.0,1.8288065e-13
eFEDS J090044.6-011104,8508,135.18621826171875,-1.184460997581482,0.42972999811172485,5764277016711678208,135.2298583984375,-1.1692556142807007,2.376208543777466,166.3612060546875,eFEDS J090055.1-011008,4482,135.22964448447226,-1.1691565614774633,0.0,0.0,1.8863475e-14
eFEDS J090044.6-011104,8508,135.18621826171875,-1.184460997581482,0.42972999811172485,5764280349606328960,135.1663818359375,-1.1395601034164429,1.2901943922042847,176.70997619628906,eFEDS J090039.8-010821,1650,135.16620242250454,-1.1393568740869426,0.0,0.0,2.8576286e-14
eFEDS J084957.4+004524,8524,132.48936462402344,0.7566837072372437,1.0659250020980835,3075463490383937920,132.42396545410156,0.773493766784668,2.0899899005889893,243.0549774169922,eFEDS J084941.8+004622,25086,132.42444536234117,0.7729303266313126,0.0,0.0,1.1638464e-14
eFEDS J092421.9-005103,8544,141.0913543701172,-0.851020097732544,0.27577999234199524,3839027758429536896,141.11798095703125,-0.8021280765533447,0.7946452498435974,200.39772033691406,eFEDS J092428.2-004809,1745,141.1177535843069,-0.8025019244736232,0.0,0.0,6.761252e-14
eFEDS J085604.8+002520,8826,134.02023315429688,0.42234569787979126,0.16753500699996948,3074729841250141568,134.0752716064453,0.42390140891075134,1.5443898439407349,198.16798400878906,eFEDS J085617.9+002526,3353,134.07465719044697,0.42407797076197284,0.0,0.0,2.2654645e-14
eFEDS J085837.9+012657,8857,134.65809631347656,1.4494056701660156,0.7502869963645935,576811737031670528,134.62388610839844,1.4227927923202515,2.570479393005371,155.97691345214844,eFEDS J085829.5+012514,29687,134.62328835783978,1.4206254999218753,0.0,0.0,8.3467465e-15
eFEDS J092302.6+034002,9076,140.76109313964844,3.6673202514648438,0.26870501041412354,3845746496029018752,140.78973388671875,3.6039671897888184,0.5941402316093445,250.21597290039062,eFEDS J092309.5+033615,874,140.78961971554713,3.60427434797783,0.0,0.0,8.429178e-14
eFEDS J092302.6+034002,9076,140.76109313964844,3.6673202514648438,0.26870501041412354,3845748420174412544,140.7755126953125,3.6954715251922607,0.6102529764175415,113.83038330078125,eFEDS J092306.1+034143,543,140.77563183523534,3.6954871904397106,0.0,0.0,1.01583625e-13
eFEDS J085340.5+022411,9213,133.4191131591797,2.403167247772217,0.19626499712467194,577919598076512896,133.4308624267578,2.456109046936035,1.8523190021514893,195.21807861328125,eFEDS J085343.5+022720,23786,133.4314929179959,2.4556054606719067,0.0,0.0,1.3781905e-14
eFEDS J090600.3-002521,9359,136.50160217285156,-0.4225662648677826,0.2987000048160553,3842809116356354688,136.45455932617188,-0.39484912157058716,2.050260305404663,196.54559326171875,eFEDS J090548.9-002338,12776,136.45395903571793,-0.39401940176623157,0.0,0.0,1.6536997e-14
eFEDS J090333.8+043950,9404,135.89089965820312,4.663962364196777,0.22242499887943268,580150335369340544,135.82858276367188,4.667240619659424,0.22417064011096954,223.92144775390625,eFEDS J090318.6+044002,597,135.82768023378833,4.667275118743489,0.0,0.0,1.4724918e-13
eFEDS J090757.5+025427,9569,136.98995971679688,2.90773344039917,0.7976199984550476,577490307504181248,136.93118286132812,2.8770461082458496,5.398526668548584,238.50009155273438,eFEDS J090743.5+025238,3906,136.93149827749488,2.8774529845251005,0.0,0.0,3.8347672e-14
eFEDS J084324.2-001438,9590,130.85113525390625,-0.24411176145076752,0.3298949897289276,3074951873879839744,130.85665893554688,-0.31021788716316223,0.9017605781555176,238.80941772460938,eFEDS J084325.3-001834,2592,130.85581221456266,-0.30968544748503046,0.0,0.0,4.6131583e-14
eFEDS J084324.2-001438,9590,130.85113525390625,-0.24411176145076752,0.3298949897289276,3074966236251215616,130.78065490722656,-0.20791761577129364,1.7210819721221924,285.20751953125,eFEDS J084307.0-001234,12974,130.77927270489272,-0.20954413093903418,0.0,0.0,1.561977e-14
eFEDS J084910.6+024117,9790,132.2942657470703,2.6881766319274902,0.8295649886131287,580978959116499840,132.22975158691406,2.686755418777466,3.6416802406311035,232.04660034179688,eFEDS J084855.2+024111,9163,132.2300704765781,2.686527642874364,0.0,0.0,2.2852403e-14
eFEDS J091322.9+040617,9801,138.34542846679688,4.104959487915039,0.08765000104904175,579179019925351680,138.3152313232422,4.055650234222412,4.753014087677002,208.0000457763672,eFEDS J091315.8+040317,6413,138.31589671580898,4.054932402038955,0.0,0.0,2.4559839e-14
eFEDS J090409.7+003831,9877,136.04043579101562,0.6420996785163879,0.31130000948905945,3843209819624527104,136.01271057128906,0.6229579448699951,2.6901626586914062,121.24613952636719,eFEDS J090403.2+003715,9876,136.0135820119275,0.6210575363883363,0.0,0.0,1.897203e-14
eFEDS J090409.7+003831,9877,136.04043579101562,0.6420996785163879,0.31130000948905945,3843216970745221888,136.00550842285156,0.7014435529708862,2.501129388809204,247.87567138671875,eFEDS J090401.0+004202,20998,136.00441314771365,0.7008122208452331,0.0,0.0,1.388512e-14
eFEDS J090409.7+003831,9877,136.04043579101562,0.6420996785163879,0.31130000948905945,3843217138248845824,136.0747528076172,0.696729302406311,1.6152628660202026,232.25277709960938,eFEDS J090418.3+004153,6495,136.07658850010395,0.6980589435444071,0.0,0.0,2.7688938e-14
eFEDS J083457.7+052033,9892,128.7406005859375,5.342545032501221,0.4100399911403656,594564589212109184,128.77366638183594,5.313421249389648,2.8056185245513916,158.23890686035156,eFEDS J083505.4+051848,20499,128.77259027062127,5.31341666909201,0.0,0.0,1.1072304e-14
eFEDS J083457.7+052033,9892,128.7406005859375,5.342545032501221,0.4100399911403656,594568815459882752,128.7275390625,5.373201370239258,0.8260364532470703,119.88352966308594,eFEDS J083454.3+052225,1347,128.72650939152103,5.3737673257613965,0.0,0.0,3.0912298e-14
eFEDS J083457.7+052033,9892,128.7406005859375,5.342545032501221,0.4100399911403656,594569537014393216,128.7346649169922,5.4234395027160645,2.686441659927368,291.9956359863281,eFEDS J083456.0+052526,8270,128.7334126100268,5.424151186349215,0.0,0.0,3.1540857e-14
eFEDS J091601.8+000831,9930,139.00778198242188,0.14202150702476501,0.5626450181007385,3842478816191630848,138.9783935546875,0.09560120850801468,2.6485610008239746,197.7622528076172,eFEDS J091555.0+000546,7432,138.97943668580015,0.09617779693963358,0.0,0.0,1.0313494e-14
eFEDS J091601.8+000831,9930,139.00778198242188,0.14202150702476501,0.5626450181007385,3842478884911117568,138.96539306640625,0.12036355584859848,3.1206021308898926,171.33241271972656,eFEDS J091551.5+000712,3933,138.96470543822315,0.12004677049710392,0.0,0.0,4.2685494e-14
eFEDS J091842.2+034754,10019,139.67588806152344,3.798549175262451,0.4520699977874756,3845916164417110272,139.74392700195312,3.7781052589416504,1.6385496854782104,255.24290466308594,eFEDS J091858.2+034642,10530,139.7428688593267,3.778410614653747,0.0,0.0,2.059378e-14
eFEDS J091741.1+024518,10140,139.42147827148438,2.755084276199341,0.48598000407218933,3845382695119427072,139.44696044921875,2.684187173843384,1.3021888732910156,271.1667785644531,eFEDS J091747.2+024102,1029,139.4468374642263,2.6839670652745315,0.0,0.0,8.0154186e-14
eFEDS J091741.1+024518,10140,139.42147827148438,2.755084276199341,0.48598000407218933,3845411351141311744,139.41590881347656,2.8213143348693848,1.0984164476394653,239.2709197998047,eFEDS J091739.7+024917,2140,139.41560049594432,2.821452026853421,0.0,0.0,6.4683115e-14
eFEDS J090627.5+035846,10162,136.61476135253906,3.9795291423797607,0.4634299874305725,579878378039979136,136.6363983154297,3.9928486347198486,2.6459240913391113,91.27316284179688,eFEDS J090632.8+035932,8783,136.6367023210227,3.9924958685982124,0.0,0.0,2.1979524e-14
eFEDS J092846.5+000056,10287,142.1940460205078,0.015657443553209305,0.3441999852657318,3840681286478466560,142.1427764892578,0.0761151984333992,0.3571285903453827,285.3694763183594,eFEDS J092834.2+000432,4862,142.1426730145517,0.07563972290661473,0.0,0.0,2.978267e-14
eFEDS J092755.9+000439,10316,141.98292541503906,0.07777092605829239,0.9832779765129089,3840868478332971520,142.0494842529297,0.09050685912370682,1.9288690090179443,243.9698944091797,eFEDS J092811.5+000526,9978,142.04799451317044,0.09065512202817663,0.0,0.0,1.6882708e-14
eFEDS J093830.5+041523,10322,144.62716674804688,4.2563958168029785,0.26225000619888306,3851240175812794496,144.63955688476562,4.311905384063721,4.696403503417969,204.72027587890625,eFEDS J093833.4+041844,27152,144.6393492992846,4.312296157612829,0.0,0.0,9.305503e-15
eFEDS J085121.2+012856,11156,132.83840942382812,1.4824548959732056,0.32681000232696533,3075668381799296768,132.89427185058594,1.518205165863037,2.385286569595337,238.68429565429688,eFEDS J085134.4+013106,17486,132.89360121213758,1.5183864086518075,0.0,0.0,1.8173858e-14
eFEDS J094007.3+035754,11337,145.03073120117188,3.9652044773101807,0.6663820147514343,3851156436834961024,145.01560974121094,3.923764944076538,1.5205551385879517,158.75059509277344,eFEDS J094003.4+035523,4413,145.0142697859568,3.923228534750894,0.0,0.0,3.9651127e-14
eFEDS J084438.5+041946,11610,131.16058349609375,4.329536437988281,0.5768200159072876,582158936955647488,131.13357543945312,4.401681423187256,2.365003824234009,277.2276916503906,eFEDS J084431.6+042406,7215,131.13181649883177,4.401793182203546,0.0,0.0,2.0043405e-14
eFEDS J093117.4-015643,11648,142.82275390625,-1.9454803466796875,0.19890999794006348,3837904405437950208,142.75094604492188,-1.970680832862854,1.1973594427108765,273.8026123046875,eFEDS J093100.1-015812,818,142.75081375625177,-1.970174572955447,0.0,0.0,7.1412386e-14
eFEDS J085801.1-004103,11717,134.50482177734375,-0.6842115521430969,0.24508999288082123,5764556704981209728,134.46865844726562,-0.6349797248840332,2.412342071533203,219.89024353027344,eFEDS J085752.6-003807,12752,134.4694070525631,-0.6354881010176097,0.0,0.0,1.8589656e-14
eFEDS J091855.8+004916,12125,139.73265075683594,0.8211451768875122,0.8452900052070618,3842621241601889536,139.68911743164062,0.7790061235427856,1.571885108947754,218.11021423339844,eFEDS J091845.4+004640,8062,139.6895781254313,0.778047251830611,0.0,0.0,1.678394e-14
eFEDS J091855.8+004916,12125,139.73265075683594,0.8211451768875122,0.8452900052070618,3844121658361612928,139.7424774169922,0.7803730964660645,1.8901686668395996,150.98585510253906,eFEDS J091858.1+004649,14708,139.74223930526674,0.7803823652810481,0.0,0.0,1.5007628e-14
eFEDS J090336.7+033124,12221,135.90330505371094,3.5235464572906494,0.6174499988555908,578345315233669888,135.96922302246094,3.5212535858154297,0.9483824968338013,236.9794464111328,eFEDS J090352.4+033117,5725,135.9686785741602,3.5214273189407046,0.0,0.0,3.1664318e-14
eFEDS J090419.1-010436,12660,136.07962036132812,-1.0767358541488647,0.30567997694015503,5764249357121599232,136.1203155517578,-1.0985500812530518,1.0847570896148682,166.18389892578125,eFEDS J090428.9-010554,6575,136.12063472847572,-1.098444414567196,0.0,0.0,2.6020696e-14
eFEDS J085744.0-022448,12696,134.43370056152344,-2.41341233253479,0.16246500611305237,5763676653297789184,134.4252166748047,-2.456303596496582,1.8624919652938843,157.392822265625,eFEDS J085741.9-022725,3109,134.42491663703788,-2.4570936587927554,0.0,0.0,3.0290854e-14
eFEDS J085744.0-022448,12696,134.43370056152344,-2.41341233253479,0.16246500611305237,5763676820801510144,134.490234375,-2.4413013458251953,1.0747287273406982,226.789794921875,eFEDS J085757.5-022628,2465,134.48991571673315,-2.4411851179853565,0.0,0.0,3.7142334e-14
eFEDS J090751.9+024647,13368,136.96661376953125,2.779738664627075,0.6177700161933899,577301191504403200,137.0133514404297,2.806309223175049,0.8605281114578247,193.37335205078125,eFEDS J090803.2+024824,3752,137.01338519088793,2.8067636161471965,0.0,0.0,3.536605e-14
eFEDS J084630.7+024702,13490,131.62808227539062,2.7839393615722656,0.20611999928951263,3079036971893871744,131.632568359375,2.8033969402313232,1.4380894899368286,71.88184356689453,eFEDS J084631.8+024807,13491,131.63256826351434,2.802092253530105,0.0,0.0,1.7452995e-14
eFEDS J084630.7+024702,13490,131.62808227539062,2.7839393615722656,0.20611999928951263,3079037143692592384,131.65574645996094,2.831425428390503,2.882262706756592,197.79498291015625,eFEDS J084637.3+024950,9330,131.65566667151774,2.8306460568570877,0.0,0.0,2.121541e-14
eFEDS J091517.4-005909,13537,138.8228759765625,-0.9860398173332214,0.40490999817848206,3841780832465627904,138.79296875,-0.9757748246192932,1.9277578592300415,113.84963989257812,eFEDS J091510.2-005830,11160,138.79269425408054,-0.9750579342827673,0.0,0.0,2.111658e-14
eFEDS J091517.4-005909,13537,138.8228759765625,-0.9860398173332214,0.40490999817848206,3841828592501972224,138.80096435546875,-0.9073720574378967,0.5074188709259033,293.98394775390625,eFEDS J091512.0-005429,7021,138.80021154201162,-0.9081391007386254,0.0,0.0,2.7919255e-14
eFEDS J091011.7+013914,13622,137.54908752441406,1.6540634632110596,0.2901749908924103,3843754558917049728,137.56173706054688,1.6200296878814697,1.4215506315231323,130.6995391845703,eFEDS J091014.7+013711,3699,137.5614994284709,1.6198854474005449,0.0,0.0,3.690087e-14
eFEDS J091011.7+013914,13622,137.54908752441406,1.6540634632110596,0.2901749908924103,3843761057202406784,137.6078338623047,1.682786464691162,0.7619629502296448,235.34678649902344,eFEDS J091026.0+014058,2171,137.6086587473433,1.6829815622000395,0.0,0.0,6.329352e-14
eFEDS J085954.2-013308,13823,134.97584533691406,-1.5523881912231445,0.5771099925041199,5764156895066666752,135.0301513671875,-1.6042691469192505,1.5084487199783325,270.35150146484375,eFEDS J090007.2-013617,8137,135.03005656979508,-1.6049189937273727,0.0,0.0,2.0717091e-14
eFEDS J091520.5+045203,14354,138.83572387695312,4.867568016052246,0.1488800048828125,579619958447934592,138.8104705810547,4.847802639007568,0.904925525188446,115.2239761352539,eFEDS J091514.5+045051,3834,138.81052812134286,4.847704314071428,0.0,0.0,4.053702e-14
eFEDS J091522.5+041201,14525,138.84376525878906,4.200289726257324,0.46009498834609985,579372877569615104,138.89620971679688,4.2376627922058105,2.1466236114501953,231.4128875732422,eFEDS J091535.1+041414,27609,138.89634800187835,4.2372925380880835,0.0,0.0,8.685389e-15
eFEDS J091522.5+041201,14525,138.84376525878906,4.200289726257324,0.46009498834609985,579373599124140800,138.83506774902344,4.265951633453369,1.9163880348205566,238.44142150878906,eFEDS J091520.5+041556,15307,138.83556784713264,4.265673840597973,0.0,0.0,1.5990222e-14
eFEDS J091631.9-020207,15047,139.13314819335938,-2.035461902618408,0.32559698820114136,3838635301497778816,139.1294403076172,-2.0940191745758057,0.48134955763816833,211.2257537841797,eFEDS J091631.0-020539,195,139.12954741212528,-2.0943057941608116,0.0,0.0,1.9715757e-13
eFEDS J091631.9-020207,15047,139.13314819335938,-2.035461902618408,0.32559698820114136,3838646056095938176,139.11233520507812,-1.981985330581665,1.476805567741394,206.5504608154297,eFEDS J091627.0-015853,5875,139.1125205150177,-1.9816643385991421,0.0,0.0,2.9708854e-14
eFEDS J091117.1+030441,15328,137.8215789794922,3.0782394409179688,0.21342000365257263,578818861148461312,137.8589630126953,3.060502290725708,1.3439419269561768,148.7764129638672,eFEDS J091126.0+030332,4020,137.8585865568842,3.0589936127161175,0.0,0.0,8.303408e-15
eFEDS J090817.2-013034,15548,137.07168579101562,-1.5095820426940918,0.3312700092792511,3841873569399784832,137.05050659179688,-1.455637812614441,2.062265396118164,208.62208557128906,eFEDS J090812.0-012721,3190,137.05010733446218,-1.4561104989755838,0.0,0.0,2.8368126e-14
eFEDS J083310.2+030136,15959,128.29278564453125,3.0268983840942383,0.7475129961967468,3079808833351997056,128.36917114257812,3.0194332599639893,1.0435246229171753,275.94476318359375,eFEDS J083328.6+030106,5027,128.36955177426447,3.018540863137148,0.0,0.0,2.6555127e-14
eFEDS J093011.2+031648,16215,142.54698181152344,3.2800991535186768,0.7238900065422058,3850884513866071680,142.4987030029297,3.3380160331726074,4.503236293792725,271.2767333984375,eFEDS J092959.5+032018,20232,142.49800846279766,3.3383760165244865,0.0,0.0,1.143236e-14
eFEDS J092031.3+024710,18068,140.1305694580078,2.786332845687866,0.27842000126838684,3845210312312643200,140.11740112304688,2.7443435192108154,2.9548208713531494,158.4136505126953,eFEDS J092028.0+024437,4173,140.11681532926008,2.743777565730818,0.0,0.0,4.077657e-14
eFEDS J092053.4+021125,18194,140.22280883789062,2.190499782562256,0.2804900109767914,3845125271960016384,140.22097778320312,2.150599479675293,1.5268317461013794,143.79132080078125,eFEDS J092052.7+020859,16535,140.21985888831387,2.1498373138270845,0.0,0.0,1.03733194e-14
eFEDS J085130.0-004609,18314,132.875,-0.7693367600440979,0.48436999320983887,3073981181207643008,132.8841552734375,-0.7906413674354553,2.734431505203247,83.456298828125,eFEDS J085132.2-004723,6527,132.88448810546316,-0.7899152016643186,0.0,0.0,3.351196e-14
eFEDS J084349.1+040404,19985,130.95469665527344,4.067843437194824,0.21315500140190125,582131414804870016,130.9945068359375,4.047717094421387,1.6806899309158325,160.279541015625,eFEDS J084358.8+040252,3917,130.99538057963716,4.047911045365729,0.0,0.0,4.5398784e-14
eFEDS J085524.3+015012,23313,133.8516082763672,1.8368418216705322,0.2637850046157837,577646751688473600,133.84202575683594,1.8668814897537231,0.7592315673828125,113.50993347167969,eFEDS J085522.1+015202,1177,133.84223359673513,1.8672480172551837,0.0,0.0,9.0279265e-14
eFEDS J085635.0+031342,24300,134.1459503173828,3.228386640548706,0.39034000039100647,578437403628070784,134.18695068359375,3.1663076877593994,1.2021734714508057,267.7040710449219,eFEDS J085644.6+030956,7504,134.1860296162221,3.1656971970538423,0.0,0.0,3.5695022e-14
eFEDS J085635.0+031342,24300,134.1459503173828,3.228386640548706,0.39034000039100647,578450181155036032,134.06895446777344,3.218933582305908,1.3797707557678223,278.80291748046875,eFEDS J085616.4+031306,6703,134.0685454110315,3.2185147132060306,0.0,0.0,2.5667121e-14
eFEDS J084934.9+014437,32680,132.39581298828125,1.7438262701034546,0.3252899944782257,3075875704165300736,132.35220336914062,1.7869733572006226,2.5452044010162354,220.8079376220703,eFEDS J084924.4+014716,913,132.3517182489731,1.7878739166123674,0.0,0.0,2.1498599e-14
